filename,graph_id
results_graph_277.json,277
results_graph_332.json,332
results_graph_220.json,220
results_graph_365.json,365
results_graph_109.json,109
results_graph_236.json,236
results_graph_261.json,261
results_graph_324.json,324
results_graph_148.json,148
results_graph_518.json,518
results_graph_133.json,133
results_graph_099.json,099
results_graph_076.json,076
results_graph_426.json,426
results_graph_308.json,308
results_graph_534.json,534
results_graph_164.json,164
results_graph_471.json,471
results_graph_172.json,172
results_graph_488.json,488
results_graph_522.json,522
results_graph_037.json,037
results_graph_467.json,467
results_graph_349.json,349
results_graph_125.json,125
results_graph_447.json,447
results_graph_152.json,152
results_graph_502.json,502
results_graph_294.json,294
results_graph_410.json,410
results_graph_040.json,040
results_graph_105.json,105
results_graph_386.json,386
results_graph_369.json,369
results_graph_056.json,056
results_graph_406.json,406
results_graph_113.json,113
results_graph_543.json,543
results_graph_390.json,390
results_graph_001.json,001
results_graph_514.json,514
results_graph_328.json,328
results_graph_282.json,282
results_graph_095.json,095
results_graph_353.json,353
results_graph_216.json,216
results_graph_538.json,538
results_graph_187.json,187
results_graph_304.json,304
results_graph_241.json,241
results_graph_484.json,484
results_graph_191.json,191
results_graph_312.json,312
results_graph_257.json,257
results_graph_129.json,129
results_graph_083.json,083
results_graph_200.json,200
results_graph_344.json,344
results_graph_201.json,201
results_graph_128.json,128
results_graph_082.json,082
results_graph_313.json,313
results_graph_256.json,256
results_graph_485.json,485
results_graph_190.json,190
results_graph_305.json,305
results_graph_240.json,240
results_graph_169.json,169
results_graph_539.json,539
results_graph_186.json,186
results_graph_217.json,217
results_graph_094.json,094
results_graph_329.json,329
results_graph_283.json,283
results_graph_515.json,515
results_graph_145.json,145
results_graph_391.json,391
results_graph_057.json,057
results_graph_407.json,407
results_graph_112.json,112
results_graph_542.json,542
results_graph_387.json,387
results_graph_368.json,368
results_graph_411.json,411
results_graph_041.json,041
results_graph_104.json,104
results_graph_295.json,295
results_graph_016.json,016
results_graph_153.json,153
results_graph_503.json,503
results_graph_124.json,124
results_graph_431.json,431
results_graph_061.json,061
results_graph_348.json,348
results_graph_489.json,489
results_graph_523.json,523
results_graph_466.json,466
results_graph_535.json,535
results_graph_165.json,165
results_graph_470.json,470
results_graph_020.json,020
results_graph_309.json,309
results_graph_132.json,132
results_graph_098.json,098
results_graph_077.json,077
results_graph_427.json,427
results_graph_149.json,149
results_graph_519.json,519
results_graph_260.json,260
results_graph_325.json,325
results_graph_237.json,237
results_graph_372.json,372
results_graph_108.json,108
results_graph_221.json,221
results_graph_276.json,276
results_graph_333.json,333
results_graph_299.json,299
results_graph_011.json,011
results_graph_441.json,441
results_graph_154.json,154
results_graph_504.json,504
results_graph_292.json,292
results_graph_338.json,338
results_graph_416.json,416
results_graph_046.json,046
results_graph_103.json,103
results_graph_380.json,380
results_graph_050.json,050
results_graph_400.json,400
results_graph_115.json,115
results_graph_545.json,545
results_graph_396.json,396
results_graph_457.json,457
results_graph_007.json,007
results_graph_512.json,512
results_graph_142.json,142
results_graph_284.json,284
results_graph_093.json,093
results_graph_139.json,139
results_graph_355.json,355
results_graph_210.json,210
results_graph_181.json,181
results_graph_302.json,302
results_graph_247.json,247
results_graph_528.json,528
results_graph_482.json,482
results_graph_197.json,197
results_graph_314.json,314
results_graph_251.json,251
results_graph_343.json,343
results_graph_206.json,206
results_graph_271.json,271
results_graph_334.json,334
results_graph_508.json,508
results_graph_158.json,158
results_graph_226.json,226
results_graph_363.json,363
results_graph_230.json,230
results_graph_375.json,375
results_graph_549.json,549
results_graph_119.json,119
results_graph_267.json,267
results_graph_288.json,288
results_graph_322.json,322
results_graph_359.json,359
results_graph_135.json,135
results_graph_070.json,070
results_graph_532.json,532
results_graph_162.json,162
results_graph_498.json,498
results_graph_477.json,477
results_graph_027.json,027
results_graph_318.json,318
results_graph_524.json,524
results_graph_031.json,031
results_graph_461.json,461
results_graph_089.json,089
results_graph_123.json,123
results_graph_436.json,436
results_graph_066.json,066
results_graph_088.json,088
results_graph_122.json,122
results_graph_437.json,437
results_graph_067.json,067
results_graph_175.json,175
results_graph_525.json,525
results_graph_460.json,460
results_graph_319.json,319
results_graph_533.json,533
results_graph_163.json,163
results_graph_499.json,499
results_graph_026.json,026
results_graph_134.json,134
results_graph_421.json,421
results_graph_358.json,358
results_graph_266.json,266
results_graph_323.json,323
results_graph_548.json,548
results_graph_118.json,118
results_graph_231.json,231
results_graph_374.json,374
results_graph_227.json,227
results_graph_362.json,362
results_graph_509.json,509
results_graph_159.json,159
results_graph_335.json,335
results_graph_342.json,342
results_graph_207.json,207
results_graph_084.json,084
results_graph_315.json,315
results_graph_250.json,250
results_graph_529.json,529
results_graph_483.json,483
results_graph_196.json,196
results_graph_303.json,303
results_graph_246.json,246
results_graph_180.json,180
results_graph_354.json,354
results_graph_211.json,211
results_graph_092.json,092
results_graph_138.json,138
results_graph_285.json,285
results_graph_456.json,456
results_graph_006.json,006
results_graph_513.json,513
results_graph_397.json,397
results_graph_378.json,378
results_graph_051.json,051
results_graph_401.json,401
results_graph_114.json,114
results_graph_544.json,544
results_graph_381.json,381
results_graph_417.json,417
results_graph_047.json,047
results_graph_102.json,102
results_graph_293.json,293
results_graph_339.json,339
results_graph_010.json,010
results_graph_155.json,155
results_graph_505.json,505
results_graph_204.json,204
results_graph_341.json,341
results_graph_068.json,068
results_graph_438.json,438
results_graph_087.json,087
results_graph_253.json,253
results_graph_316.json,316
results_graph_195.json,195
results_graph_480.json,480
results_graph_245.json,245
results_graph_029.json,029
results_graph_479.json,479
results_graph_183.json,183
results_graph_496.json,496
results_graph_212.json,212
results_graph_357.json,357
results_graph_091.json,091
results_graph_286.json,286
results_graph_269.json,269
results_graph_510.json,510
results_graph_140.json,140
results_graph_455.json,455
results_graph_005.json,005
results_graph_117.json,117
results_graph_547.json,547
results_graph_052.json,052
results_graph_228.json,228
results_graph_382.json,382
results_graph_101.json,101
results_graph_414.json,414
results_graph_044.json,044
results_graph_290.json,290
results_graph_156.json,156
results_graph_506.json,506
results_graph_013.json,013
results_graph_434.json,434
results_graph_064.json,064
results_graph_121.json,121
results_graph_208.json,208
results_graph_033.json,033
results_graph_463.json,463
results_graph_199.json,199
results_graph_176.json,176
results_graph_526.json,526
results_graph_475.json,475
results_graph_025.json,025
results_graph_530.json,530
results_graph_160.json,160
results_graph_072.json,072
results_graph_422.json,422
results_graph_137.json,137
results_graph_009.json,009
results_graph_459.json,459
results_graph_320.json,320
results_graph_265.json,265
results_graph_377.json,377
results_graph_232.json,232
results_graph_398.json,398
results_graph_048.json,048
results_graph_418.json,418
results_graph_361.json,361
results_graph_224.json,224
results_graph_273.json,273
results_graph_337.json,337
results_graph_272.json,272
results_graph_360.json,360
results_graph_049.json,049
results_graph_419.json,419
results_graph_376.json,376
results_graph_233.json,233
results_graph_399.json,399
results_graph_321.json,321
results_graph_008.json,008
results_graph_458.json,458
results_graph_073.json,073
results_graph_136.json,136
results_graph_248.json,248
results_graph_531.json,531
results_graph_161.json,161
results_graph_032.json,032
results_graph_462.json,462
results_graph_198.json,198
results_graph_177.json,177
results_graph_527.json,527
results_graph_209.json,209
results_graph_435.json,435
results_graph_065.json,065
results_graph_120.json,120
results_graph_507.json,507
results_graph_012.json,012
results_graph_291.json,291
results_graph_100.json,100
results_graph_415.json,415
results_graph_045.json,045
results_graph_229.json,229
results_graph_383.json,383
results_graph_546.json,546
results_graph_053.json,053
results_graph_403.json,403
results_graph_395.json,395
results_graph_511.json,511
results_graph_141.json,141
results_graph_004.json,004
results_graph_287.json,287
results_graph_268.json,268
results_graph_090.json,090
results_graph_213.json,213
results_graph_356.json,356
results_graph_028.json,028
results_graph_478.json,478
results_graph_182.json,182
results_graph_497.json,497
results_graph_244.json,244
results_graph_301.json,301
results_graph_194.json,194
results_graph_252.json,252
results_graph_317.json,317
results_graph_069.json,069
results_graph_439.json,439
results_graph_086.json,086
results_graph_205.json,205
results_graph_340.json,340
results_graph_432.json,432
results_graph_062.json,062
results_graph_127.json,127
results_graph_035.json,035
results_graph_170.json,170
results_graph_520.json,520
results_graph_473.json,473
results_graph_023.json,023
results_graph_536.json,536
results_graph_166.json,166
results_graph_074.json,074
results_graph_424.json,424
results_graph_131.json,131
results_graph_218.json,218
results_graph_326.json,326
results_graph_263.json,263
results_graph_408.json,408
results_graph_058.json,058
results_graph_371.json,371
results_graph_234.json,234
results_graph_367.json,367
results_graph_388.json,388
results_graph_222.json,222
results_graph_449.json,449
results_graph_019.json,019
results_graph_330.json,330
results_graph_275.json,275
results_graph_202.json,202
results_graph_081.json,081
results_graph_255.json,255
results_graph_310.json,310
results_graph_469.json,469
results_graph_039.json,039
results_graph_486.json,486
results_graph_243.json,243
results_graph_306.json,306
results_graph_185.json,185
results_graph_490.json,490
results_graph_214.json,214
results_graph_428.json,428
results_graph_280.json,280
results_graph_516.json,516
results_graph_146.json,146
results_graph_453.json,453
results_graph_003.json,003
results_graph_392.json,392
results_graph_238.json,238
results_graph_111.json,111
results_graph_541.json,541
results_graph_054.json,054
results_graph_404.json,404
results_graph_384.json,384
results_graph_107.json,107
results_graph_412.json,412
results_graph_042.json,042
results_graph_296.json,296
results_graph_279.json,279
results_graph_150.json,150
results_graph_500.json,500
results_graph_015.json,015
results_graph_445.json,445
results_graph_151.json,151
results_graph_014.json,014
results_graph_444.json,444
results_graph_278.json,278
results_graph_106.json,106
results_graph_413.json,413
results_graph_043.json,043
results_graph_385.json,385
results_graph_110.json,110
results_graph_540.json,540
results_graph_405.json,405
results_graph_393.json,393
results_graph_239.json,239
results_graph_517.json,517
results_graph_147.json,147
results_graph_452.json,452
results_graph_281.json,281
results_graph_429.json,429
results_graph_079.json,079
results_graph_096.json,096
results_graph_215.json,215
results_graph_350.json,350
results_graph_184.json,184
results_graph_491.json,491
results_graph_242.json,242
results_graph_307.json,307
results_graph_468.json,468
results_graph_192.json,192
results_graph_038.json,038
results_graph_487.json,487
results_graph_254.json,254
results_graph_311.json,311
results_graph_080.json,080
results_graph_203.json,203
results_graph_346.json,346
results_graph_331.json,331
results_graph_274.json,274
results_graph_448.json,448
results_graph_018.json,018
results_graph_366.json,366
results_graph_389.json,389
results_graph_223.json,223
results_graph_370.json,370
results_graph_235.json,235
results_graph_409.json,409
results_graph_059.json,059
results_graph_327.json,327
results_graph_262.json,262
results_graph_219.json,219
results_graph_075.json,075
results_graph_130.json,130
results_graph_472.json,472
results_graph_188.json,188
results_graph_022.json,022
results_graph_537.json,537
results_graph_167.json,167
results_graph_258.json,258
results_graph_034.json,034
results_graph_464.json,464
results_graph_521.json,521
results_graph_433.json,433
results_graph_126.json,126
