graph_id,json_path,source_file
graph_001,webapp/static/graphs/graph_001.json,./pmc_htmls/Intriguing_Encounter__Unveiling_Squamous_Cell_Carcinoma_Lung_with_Rare_Bilateral_PMC12020972.html
graph_002,webapp/static/graphs/graph_002.json,./pmc_htmls/_A_Case_of_Multiple_Primary_Pulmonary_Neuroendocrine_Carcinoma_with_EML4_ALK_Fus_PMC11986677.html
graph_003,webapp/static/graphs/graph_003.json,./pmc_htmls/Management_of_malignant_inferior_vena_cava_syndrome__IVCS__by_endovascular_bridg_PMC12019825.html
graph_004,webapp/static/graphs/graph_004.json,./pmc_htmls/Metastatic_INI_1_deficient_undifferentiated_lung_cancer_with_EGFR_19del_mutation_PMC12021797.html
graph_005,webapp/static/graphs/graph_005.json,./pmc_htmls/Neoadjuvant_Targeted_Therapy_with_Dacomitinib_in_a_Stage_IIIA_Non_Small_Cell_Lun_PMC11980937.html
graph_006,webapp/static/graphs/graph_006.json,./pmc_htmls/Lung_cancer_with_diabetes_mellitus_and_polymyalgia_rheumatica_during_long_term_n_PMC12001326.html
graph_007,webapp/static/graphs/graph_007.json,./pmc_htmls/Case_Report__A_novel_ELMOD3_ALK_and_EML4_ALK_double_fusion_responses_to_neoadjuv_PMC12034634.html
graph_008,webapp/static/graphs/graph_008.json,./pmc_htmls/Case_report__pulmonary_lymphoepithelial_carcinoma_mimicking_tuberculosis__PMC11987468.html
graph_009,webapp/static/graphs/graph_009.json,./pmc_htmls/Radiotherapy_for_Lung_Cancer__An_Unrecognized_Cause_of_Lung_Torsion__PMC11962223.html
graph_010,webapp/static/graphs/graph_010.json,./pmc_htmls/Re_do_robot_assisted_salvage_lobectomy_after_esophagectomy_with_gastric_pull_up__PMC11980297.html
graph_011,webapp/static/graphs/graph_011.json,./pmc_htmls/Efficacy_of_Selpercatinib_in_Non_small_Cell_Lung_Cancer_With_Bilateral_Internal__PMC12021377.html
graph_012,webapp/static/graphs/graph_012.json,./pmc_htmls/Multiple_Lung_Metastases_of_Papillary_Thyroid_Carcinoma_Detected_by_Detailed_Pat_PMC11971052.html
graph_013,webapp/static/graphs/graph_013.json,./pmc_htmls/Brain_Metastasis_From_Advanced_Stage_Lung_Carcinoma__Differentiating_From_Stroke_PMC11955559.html
graph_014,webapp/static/graphs/graph_014.json,./pmc_htmls/Successful_treatment_of_an_elderly_patient_with_lung_squamous_cell_carcinoma_by__PMC11973309.html
graph_015,webapp/static/graphs/graph_015.json,./pmc_htmls/A_case_of_obstructive_shock_and_transient_ischemic_attack_from_intracardiac_meta_PMC11981378.html
graph_016,webapp/static/graphs/graph_016.json,./pmc_htmls/Precise_Localization_of_the_Subsolid_Lesion_by_Colour_Marking_under_CT_Guided_Co_PMC12040305.html
graph_017,webapp/static/graphs/graph_017.json,./pmc_htmls/Developing_an_Integrated_Service_Planning_Tool__Lessons_Learnt_from_Planning_the_PMC12023144.html
graph_018,webapp/static/graphs/graph_018.json,./pmc_htmls/Combined_use_of_SpineJack_and_microwave_ablation_with_CT_and_C_arm_in_the_treatm_PMC12035686.html
graph_019,webapp/static/graphs/graph_019.json,./pmc_htmls/Immune_checkpoint_inhibitor_induced_anti_Hu_antibody_associated_gastrointestinal_PMC11996632.html
graph_020,webapp/static/graphs/graph_020.json,./pmc_htmls/Disseminated_talaromycosis_in_HIV_negative_patients_with_lung_cancer__a_rare_cas_PMC12023669.html
graph_021,webapp/static/graphs/graph_021.json,./pmc_htmls/Therapeutic_efficacy_of_albuvirtide_based_antiretroviral_therapy_in_people_livin_PMC12008952.html
graph_022,webapp/static/graphs/graph_022.json,./pmc_htmls/Metastasis_of_Small_Cell_Lung_Cancer_to_the_External_Auditory_Canal__A_Case_Repo_PMC11965702.html
graph_023,webapp/static/graphs/graph_023.json,./pmc_htmls/Presumed_Choroidal_Metastasis_of_Primary_Cutaneous_Melanoma__A_Case_Report__PMC12002729.html
graph_024,webapp/static/graphs/graph_024.json,./pmc_htmls/Remarkable_Antitumor_Effects_and_Serious_Multiple_Immune_Related_Adverse_Events__PMC11991814.html
graph_025,webapp/static/graphs/graph_025.json,./pmc_htmls/Lung_cancer_with_supraclavicular_myxoinflammatory_fibroblastic_sarcoma_is_easily_PMC11986360.html
graph_026,webapp/static/graphs/graph_026.json,./pmc_htmls/Metachronous_development_of_L858R_and_T790M_EGFR_mutations_following_ALK_inhibit_PMC12000955.html
graph_027,webapp/static/graphs/graph_027.json,./pmc_htmls/Gastrointestinal_bleeding_due_to_small_bowel_metastasis_from_lung_adenocarcinoma_PMC11718566.html
graph_028,webapp/static/graphs/graph_028.json,./pmc_htmls/A_Rare_Case_of_Primary_Pulmonary_Meningioma__PMC12027924.html
graph_029,webapp/static/graphs/graph_029.json,./pmc_htmls/Long_Term_Complete_Response_to_Pembrolizumab_in_Tumor_Mutation_Burden_High_Small_PMC11964409.html
graph_030,webapp/static/graphs/graph_030.json,./pmc_htmls/Unmasking_the_mimic__lipoid_pneumonia_imitating_primary_lung_cancer___a_case_rep_PMC11985431.html
graph_031,webapp/static/graphs/graph_031.json,./pmc_htmls/Situs_inversus_in_cardiothoracic_surgery_and_its_advances__a_case_report__PMC11994988.html
graph_032,webapp/static/graphs/graph_032.json,./pmc_htmls/The_impostor_of_chest_pain__a_case_of_lung_cancer_mimicking_angina__PMC12020168.html
graph_033,webapp/static/graphs/graph_033.json,./pmc_htmls/Right_lower_lobectomy_and_lymph_node_dissection_for_lung_cancer_with_subcarinal__PMC12008115.html
graph_034,webapp/static/graphs/graph_034.json,./pmc_htmls/Novel__i_PLEC_EML4_ALK__i__Double_Fusion_Underlying_Crizotinib_Resistance_in_a_M_PMC11986212.html
graph_035,webapp/static/graphs/graph_035.json,./pmc_htmls/A_Case_of_BRAF_V600E_Positive_Pulmonary_Pleomorphic_Carcinoma_Successfully_Treat_PMC12048111.html
graph_036,webapp/static/graphs/graph_036.json,./pmc_htmls/Successful_Management_of_Acquired_von_Willebrand_Syndrome_Associated_with_Monocl_PMC12027059.html
graph_037,webapp/static/graphs/graph_037.json,./pmc_htmls/RT_PCR_Misdiagnosis_of_Patient_with_Rare_EGFR_Mutation_Lung_Adenocarcinoma__Is_N_PMC11988652.html
graph_038,webapp/static/graphs/graph_038.json,./pmc_htmls/Integrated_Glucocorticoids_and_Traditional_Chinese_Medicine_in_a_Squamous_Lung_C_PMC11995287.html
graph_039,webapp/static/graphs/graph_039.json,./pmc_htmls/A_Rare_Case_of_Sarcomatoid_Type_Localized_Pleural_Mesothelioma_Derived_From_Visc_PMC12040478.html
graph_040,webapp/static/graphs/graph_040.json,./pmc_htmls/A_Case_of_Post_Endobronchial_Ultrasound_Polymicrobial_Pericarditis_and_Mediastin_PMC11970877.html
graph_041,webapp/static/graphs/graph_041.json,./pmc_htmls/Small_cell_lung_cancer_with_small_intestinal_metastasis__Case_report_and_literat_PMC12048897.html
graph_042,webapp/static/graphs/graph_042.json,./pmc_htmls/Small_cell_lung_cancer_progressing_into_fatal_ascending_motor_and_sensory_polyne_PMC11709221.html
graph_043,webapp/static/graphs/graph_043.json,./pmc_htmls/Immune_related_adverse_events_pembrolizumab_induced_colitis_the_importance_of_ea_PMC12033556.html
graph_044,webapp/static/graphs/graph_044.json,./pmc_htmls/Thoracic__i_SMARCA4__i__deficient_undifferentiated_tumor__PMC11985039.html
graph_045,webapp/static/graphs/graph_045.json,./pmc_htmls/Successful_Treatment_of_Innumerable_Untreated_Brain_Metastases_With_Trastuzumab__PMC12043382.html
graph_046,webapp/static/graphs/graph_046.json,./pmc_htmls/Case_Report__Anti_Yo_antibody_mediated_paraneoplastic_cerebellar_degeneration_in_PMC11968391.html
graph_047,webapp/static/graphs/graph_047.json,./pmc_htmls/Rare_paracholedochal_lymph_node_metastasis_in_lung_cancer__PMC12041744.html
graph_048,webapp/static/graphs/graph_048.json,./pmc_htmls/Case_Report__A_case_of_first_line_treatment_for_rare_ROS1_fusion_mutation_lung_a_PMC12040700.html
graph_049,webapp/static/graphs/graph_049.json,./pmc_htmls/Pneumatocele_With_Perforation_of_the_Residual_Lung_Immediately_After_Thoracoscop_PMC12022811.html
graph_050,webapp/static/graphs/graph_050.json,./pmc_htmls/SMARCA4_deficient_NSCLC_treated_with_first_line_tislelizumab_and_fruquintinib_ac_PMC12043563.html
graph_051,webapp/static/graphs/graph_051.json,./pmc_htmls/Pulmonary_artery_pseudoaneurysm_induced_massive_hemoptysis_after_chemotherapy_co_PMC12003278.html
graph_052,webapp/static/graphs/graph_052.json,./pmc_htmls/_sup_18__sup_F_FDG_PET_CT_Imaging_of_Talaromyces_marneffei_Infection_with_Bone_D_PMC11993172.html
graph_053,webapp/static/graphs/graph_053.json,./pmc_htmls/Severe_immune_mediated_myocarditis_caused_by_sintilimab_combined_with_gemcitabin_PMC12014726.html
graph_054,webapp/static/graphs/graph_054.json,./pmc_htmls/Case_Report__Intestinal_metastasis_from__i_ALK__i__rearranged_pulmonary_pleomorp_PMC11985424.html
graph_055,webapp/static/graphs/graph_055.json,./pmc_htmls/A_Case_of_Lung_Squamous_Cell_Carcinoma_Harboring_TP53_Mutation_and_PLPP5_FGFR1_F_PMC12004084.html
graph_056,webapp/static/graphs/graph_056.json,./pmc_htmls/A_Case_Report_of_Pulmonary_Tumor_Thrombotic_Microangiopathy_Caused_by_Lung_Adeno_PMC11993430.html
graph_057,webapp/static/graphs/graph_057.json,./pmc_htmls/Choreoathetosis_as_a_rare_complication_of_paraneoplastic_syndrome__a_case_report_PMC12026207.html
graph_058,webapp/static/graphs/graph_058.json,./pmc_htmls/A_Case_Report_of_Intravitreal_Aflibercept_for_Iris_Metastasis_from_Small_Cell_Lu_PMC11919313.html
graph_059,webapp/static/graphs/graph_059.json,./pmc_htmls/Delayed_Diagnosis_of_Peritoneal_Mesothelioma_in_Recurrent_Ascites__A_Case_Report_PMC11991405.html
graph_060,webapp/static/graphs/graph_060.json,./pmc_htmls/_Brain_and_Meningeal_Metastases_of_Lung_Cancer_Manifested_as_Brain_Calcification_PMC11986680.html
graph_061,webapp/static/graphs/graph_061.json,./pmc_htmls/A_Case_of_Non_Small_Cell_Lung_Cancer_With_Massive_Malignant_Ascites_Treated_With_PMC12021532.html
graph_062,webapp/static/graphs/graph_062.json,./pmc_htmls/Diagnosis_and_treatment_of_pulmonary_lymphoepithelioma_like_carcinoma__A_case_re_PMC12019266.html
graph_063,webapp/static/graphs/graph_063.json,./pmc_htmls/Case_Report__Subacute_cutaneous_lupus_erythematosus_induced_by_the_anti_PD_1_ant_PMC11985835.html
graph_064,webapp/static/graphs/graph_064.json,./pmc_htmls/Navigating_Fertility_Preservation_in_Epithelioid_Peritoneal_Mesothelioma__A_Case_PMC11997901.html
graph_065,webapp/static/graphs/graph_065.json,./pmc_htmls/Discordant_Response_to_Nivolumab_Plus_Ipilimumab_and_Identification_of__i_BRAF___PMC11986214.html
graph_066,webapp/static/graphs/graph_066.json,./pmc_htmls/Case_Report__Exploring_delayed_hyperprogressive_disease__a_case_study_of_post_im_PMC12043871.html
graph_067,webapp/static/graphs/graph_067.json,./pmc_htmls/Ongoing_Radiographic_Response_for_Over_20_Months_in_Metastatic_Cancer_Without_Co_PMC11971701.html
graph_068,webapp/static/graphs/graph_068.json,./pmc_htmls/Lung_cancer_palindromia_due_to_the_deficiency_of_vital_energy_and_blood_syndrome_PMC11709150.html
graph_069,webapp/static/graphs/graph_069.json,./pmc_htmls/Advanced_lung_adenocarcinoma_harboring_uncommon_EGFR_19_Del_and_T790M_trans_C797_PMC12040630.html
graph_070,webapp/static/graphs/graph_070.json,./pmc_htmls/Leucine_rich_glioma_inactivated_protein_1_antibody_positive_limbic_encephalitis__PMC11966599.html
graph_071,webapp/static/graphs/graph_071.json,./pmc_htmls/Early_Onset_COPD_and_Lung_Cancer__Case_Studies_Highlighting_Diagnostic_Challenge_PMC11970535.html
graph_072,webapp/static/graphs/graph_072.json,./pmc_htmls/Anlotinib_induced_type_1_diabetes__a_case_report__PMC11999947.html
graph_073,webapp/static/graphs/graph_073.json,./pmc_htmls/Aspergillus_fumigatus_Bloodstream_Infection_in_the_Absence_of_Classic_Risk_Facto_PMC11994366.html
graph_074,webapp/static/graphs/graph_074.json,./pmc_htmls/Uncovering_the_True_Diagnosis__A_Case_Report_of_Multilocular_Peritoneal_Inclusio_PMC12050122.html
graph_075,webapp/static/graphs/graph_075.json,./pmc_htmls/Uncommon_Extrapyramidal_Reaction_to_Ondansetron__PMC11981680.html
graph_076,webapp/static/graphs/graph_076.json,./pmc_htmls/Combined_Use_of_Gefitinib_and_Bevacizumab_in_Advanced_Non_Small_Cell_Lung_Cancer_PMC12025375.html
graph_077,webapp/static/graphs/graph_077.json,./pmc_htmls/Acute_fibrinous_and_organising_pneumonia_presenting_with_mass_like_imaging__a_ca_PMC12034166.html
graph_078,webapp/static/graphs/graph_078.json,./pmc_htmls/Case_Report__Transforming_small_cell_lung_cancer__two_cases_report_and_literatur_PMC12003138.html
graph_079,webapp/static/graphs/graph_079.json,./pmc_htmls/Pathological_complete_response_and_long_term_survival_by_pembrolizumab_based_imm_PMC12000952.html
graph_080,webapp/static/graphs/graph_080.json,./pmc_htmls/Pulmonary_Arterial_Hypertension_in_a_Patient_With_Metastatic_Lung_Cancer_on_Pemb_PMC12045750.html
graph_081,webapp/static/graphs/graph_081.json,./pmc_htmls/Complete_resolution_of_non_tuberculous_mycobacterial_pulmonary_nodule_following__PMC11987443.html
graph_082,webapp/static/graphs/graph_082.json,./pmc_htmls/Durable_response_to_Olaparib_in_EGFR_and_somatic_BRCA2_mutated_lung_adenocarcino_PMC11965128.html
graph_083,webapp/static/graphs/graph_083.json,./pmc_htmls/Anaplastic_Lymphoma_Kinase_Rearrangement_Positive_Pulmonary_Adenocarcinoma_With__PMC11979864.html
graph_084,webapp/static/graphs/graph_084.json,./pmc_htmls/Kartagener_syndrome_combined_with_small_cell_lung_cancer__A_case_report_and_lite_PMC11955821.html
graph_085,webapp/static/graphs/graph_085.json,./pmc_htmls/Safety_and_Performance_of_OptiVantage__a_CT_Contrast_Media_Injector__in_Multi_Pa_PMC12002069.html
graph_086,webapp/static/graphs/graph_086.json,./pmc_htmls/Combination_of_Aumolertinib__Dabrafenib__and_Trametinib_for_a_Patient_with_Advan_PMC12007007.html
graph_087,webapp/static/graphs/graph_087.json,./pmc_htmls/Management_strategies_for_primary_lung_carcinosarcoma__a_case_study_and_comprehe_PMC12014741.html
graph_088,webapp/static/graphs/graph_088.json,./pmc_htmls/Safety_and_efficacy_of_osimertinib_160_mg_daily_given_concurrently_with_a_strong_PMC12008127.html
graph_089,webapp/static/graphs/graph_089.json,pmc_htmls/Masked_Diabetes_Insipidus_Hidden_by_Severe_Hyponatremia__A_Case_of_Pituitary_Met_PMC7755591.html
graph_090,webapp/static/graphs/graph_090.json,pmc_htmls/Esophageal_squamous_cell_carcinoma_transformed_into_neuroendocrine_carcinoma_aft_PMC10928968.html
graph_091,webapp/static/graphs/graph_091.json,pmc_htmls/Pathogenicity_of_Mycolicibacterium_phlei__a_non_pathogenic_nontuberculous_mycoba_PMC6530062.html
graph_092,webapp/static/graphs/graph_092.json,pmc_htmls/Non_incisional_pleurectomy_decortication_for_malignant_mesothelioma_after_cardia_PMC8720616.html
graph_093,webapp/static/graphs/graph_093.json,pmc_htmls/Two_Unusual_Mutations_in_the_Epidermal_Growth_Factor_Receptor_Gene_in_a_Patient__PMC8934596.html
graph_094,webapp/static/graphs/graph_094.json,pmc_htmls/Serial_liquid_biopsies_for_detection_of_treatment_failure_and_profiling_of_resis_PMC6913150.html
graph_095,webapp/static/graphs/graph_095.json,pmc_htmls/Durable_Response_to_Immunotherapy_With_Antiangiogenic_Drug_in_Large_Cell_Lung_Ca_PMC8173040.html
graph_096,webapp/static/graphs/graph_096.json,pmc_htmls/Case_Report__ALK_rearranged_locally_advanced_lung_adenocarcinoma_showing_inconsi_PMC10470069.html
graph_097,webapp/static/graphs/graph_097.json,pmc_htmls/Broncho_oesophageal_fistula_after_lung_cancer_treatment__PMC7167481.html
graph_098,webapp/static/graphs/graph_098.json,pmc_htmls/The_Unexpected_Formation_of_a_Broncho_Esophageal_Fistula_of_the_Right_Main_Stem__PMC8881047.html
graph_099,webapp/static/graphs/graph_099.json,pmc_htmls/Inflammatory_Myofibroblastic_Tumor_After_Receiving_Treatment_for_Non_small_Cell__PMC11138368.html
graph_100,webapp/static/graphs/graph_100.json,pmc_htmls/Severe_pulmonary_toxicity_from_immune_checkpoint_inhibitor_treated_successfully__PMC6456450.html
graph_101,webapp/static/graphs/graph_101.json,pmc_htmls/Radiation_Toxicity_in_MDA5__and_PL7_Positive_Dermatomyositis__Heightened_Risk_in_PMC11489828.html
graph_102,webapp/static/graphs/graph_102.json,pmc_htmls/Case_Report__Neoadjuvant_and_Adjuvant_Crizotinib_Targeted_Therapy_in_Stage_IIIA__PMC8010235.html
graph_103,webapp/static/graphs/graph_103.json,pmc_htmls/Malignant_Mesothelioma_of_the_Testes_with_Retroperitoneal_Recurrence_and_Resecti_PMC10625815.html
graph_104,webapp/static/graphs/graph_104.json,pmc_htmls/Case_report__Two_novel__i_intergenic_region_ALK__i__fusions_in_non_small_cell_lu_PMC9356229.html
graph_105,webapp/static/graphs/graph_105.json,pmc_htmls/EGFR_C797S_as_a_Resistance_Mechanism_of_Lazertinib_in_Non_small_Cell_Lung_Cancer_PMC7577810.html
graph_106,webapp/static/graphs/graph_106.json,pmc_htmls/Osimertinib_induced_BRAF_mutation_in_a_single_metastatic_lesion_among_multiple_p_PMC11319763.html
graph_107,webapp/static/graphs/graph_107.json,pmc_htmls/Squamous_Cell_Carcinoma_of_the_Lung_Presenting_Unilateral_Thoracic_Hyperhidrosis_PMC10292994.html
graph_108,webapp/static/graphs/graph_108.json,pmc_htmls/Examining_the_differential_of_digital_ischaemia_and_review_of_paraneoplastic_isc_PMC10106003.html
graph_109,webapp/static/graphs/graph_109.json,pmc_htmls/Malignant_peritoneal_mesothelioma_presenting_as_a_mass_in_a_Spigelian_hernia__Re_PMC7082590.html
graph_110,webapp/static/graphs/graph_110.json,pmc_htmls/Recovery_of_temperature_to_normal_may_indicate_the_best_time_for_surgery_in_pati_PMC11544532.html
graph_111,webapp/static/graphs/graph_111.json,pmc_htmls/Neoadjuvant_ceritinib_treatment_in_ALK_rearranged_locally_advanced_adenosquamous_PMC9346166.html
graph_112,webapp/static/graphs/graph_112.json,pmc_htmls/A_case_of_cardiac_amyloidosis_incidentally_detected_by_bone_scintigraphy__PMC7701224.html
graph_113,webapp/static/graphs/graph_113.json,pmc_htmls/Advanced_G_CSF_producing_non_small_cell_lung_cancer_not_otherwise_specified__wit_PMC7364764.html
graph_114,webapp/static/graphs/graph_114.json,pmc_htmls/Enteral_lorlatinib_after_alectinib_as_a_treatment_option_in_anaplastic_lymphoma__PMC8173452.html
graph_115,webapp/static/graphs/graph_115.json,pmc_htmls/Efficacy_of_afatinib_in_a_patient_with_rare_EGFR__G724S_R776H__mutations_and_amp_PMC7896682.html
graph_116,webapp/static/graphs/graph_116.json,pmc_htmls/62_year_old_woman_with_PET_positive_solitary_pulmonary_nodule__PMC8230967.html
graph_117,webapp/static/graphs/graph_117.json,pmc_htmls/Lung_Adenocarcinoma_with_Chronic_Lymphocytic_Leukemia_Mimicking_Bone_Metastasis__PMC10332956.html
graph_118,webapp/static/graphs/graph_118.json,pmc_htmls/Dyspnea_in_an_HIV_Patient__A_Not_so_Typical_Presentation_of_Lung_Adenocarcinoma__PMC7273546.html
graph_119,webapp/static/graphs/graph_119.json,pmc_htmls/Right_diaphragm_metastasis_of_endometrial_cancer__a_case_report__PMC7556180.html
graph_120,webapp/static/graphs/graph_120.json,pmc_htmls/A_Case_Report_of_Squamous_Cell_Carcinoma_Misdiagnosed_as_Cryptogenic_Organizing__PMC10460266.html
graph_121,webapp/static/graphs/graph_121.json,pmc_htmls/Rare_cavitary_lymphoepithelioma_like_carcinoma_of_lung__clinical_experience_and__PMC10324186.html
graph_122,webapp/static/graphs/graph_122.json,pmc_htmls/Immune_checkpoint_inhibitor__ICI__induced_hepatitis_diagnosed_by_liver_biopsy_fo_PMC9547299.html
graph_123,webapp/static/graphs/graph_123.json,pmc_htmls/Effective_treatment_of_steroid_resistant_immune_checkpoint_inhibitor_pneumonitis_PMC11018367.html
graph_124,webapp/static/graphs/graph_124.json,pmc_htmls/Gastrointestinal_stromal_tumor_with_small_cell_carcinoma_infiltration__a_case_re_PMC11215004.html
graph_125,webapp/static/graphs/graph_125.json,pmc_htmls/A_Transesophageal_Echocardiogram_Finding__From_Infection_to_Malignancy__PMC7058387.html
graph_126,webapp/static/graphs/graph_126.json,pmc_htmls/IgA_vasculitis_induced_by_carboplatin___nab_paclitaxel___pembrolizumab_in_a_pati_PMC11349625.html
graph_127,webapp/static/graphs/graph_127.json,pmc_htmls/Case_Report__Can_we_differentiate_mesothelioma_from_inflammatory_pericardial_con_PMC8825643.html
graph_128,webapp/static/graphs/graph_128.json,pmc_htmls/Cardiac_herniation_after_extrapleural_pneumonectomy__PMC7033482.html
graph_129,webapp/static/graphs/graph_129.json,pmc_htmls/Small_cell_lung_carcinoma_presenting_initially_with_recurrent_pneumothoraces__a__PMC11191300.html
graph_130,webapp/static/graphs/graph_130.json,pmc_htmls/Safe_and_effective_use_of_nivolumab_for_treating_lung_adenocarcinoma_associated__PMC6329093.html
graph_131,webapp/static/graphs/graph_131.json,pmc_htmls/Long_Term_Favorable_Outcome_With_Nivolumab_in_a_Case_of_Advanced_Non_Small_Cell__PMC8575281.html
graph_132,webapp/static/graphs/graph_132.json,pmc_htmls/IgG4_related_retroperitoneal_fibrosis_induced_by_nivolumab_and_ipilimumab_in_a_p_PMC10761607.html
graph_133,webapp/static/graphs/graph_133.json,pmc_htmls/Unusual_presentation_of_lepidic_adenocarcinoma_in_a_healthy_female__PMC9109452.html
graph_134,webapp/static/graphs/graph_134.json,pmc_htmls/Severe_denosumab_induced_hypocalcemia_requiring_long_term_intensified_medication_PMC11915153.html
graph_135,webapp/static/graphs/graph_135.json,pmc_htmls/Small_bowel_edema_and_lymphocytic_duodenitis_as_severe_reversible_gastrointestin_PMC10363725.html
graph_136,webapp/static/graphs/graph_136.json,pmc_htmls/Tumor_Lysis_Syndrome_following_a_Single_Dose_of_Nivolumab_for_Relapsed_Small_Cel_PMC8740064.html
graph_137,webapp/static/graphs/graph_137.json,pmc_htmls/Erlotinib_and_bevacizumab_combination_therapy_for_afatinib_refractory_leptomenin_PMC6498220.html
graph_138,webapp/static/graphs/graph_138.json,pmc_htmls/Combined_large_cell_neuroendocrine_carcinoma__lung_adenocarcinoma__and_squamous__PMC10472660.html
graph_139,webapp/static/graphs/graph_139.json,pmc_htmls/Angiomyolipoma_of_the_adrenal_gland__clinical_experience_and_literature_review__PMC7290629.html
graph_140,webapp/static/graphs/graph_140.json,pmc_htmls/Surgical_treatment_for_a_patient_with_immunoglobulin_G4_related_lung_disease__PMC8691674.html
graph_141,webapp/static/graphs/graph_141.json,pmc_htmls/A_Case_of_Malignant_Pleural_Mesothelioma_With_Unknown_Asbestos_Exposure__PMC11497062.html
graph_142,webapp/static/graphs/graph_142.json,pmc_htmls/Case_report__Successful_sequential_therapy_of_crizotinb_and_entrectinib_in_ROS1__PMC10735137.html
graph_143,webapp/static/graphs/graph_143.json,pmc_htmls/Case_series_of_trans_thoracic_nodule_aspirate_performed_by_interventional_pulmon_PMC7897983.html
graph_144,webapp/static/graphs/graph_144.json,pmc_htmls/A_Gastric_Lesion_Revealing_a_Small_Cell_Lung_Cancer__A_Rare_Case__PMC9149519.html
graph_145,webapp/static/graphs/graph_145.json,pmc_htmls/Pneumocystis_pneumonia_in_patient_with_lung_adenocarcinoma__early_side_effects_f_PMC9411188.html
graph_146,webapp/static/graphs/graph_146.json,pmc_htmls/ROS1_Rearranged_Lung_Cancer_With_Extensive_Calcification_on_Computed_Tomography__PMC11465602.html
graph_147,webapp/static/graphs/graph_147.json,pmc_htmls/Zimberelimab_plus_chemotherapy_as_the_first_line_treatment_of_malignant_peritone_PMC10445078.html
graph_148,webapp/static/graphs/graph_148.json,pmc_htmls/A_Case_of_Cerebral_Tumor_Embolism_from_Extracardiac_Lung_Cancer_Treated_by_Mecha_PMC7363642.html
graph_149,webapp/static/graphs/graph_149.json,pmc_htmls/Durable_Complete_Response_to_Alectinib_in_a_Lung_Adenocarcinoma_Patient_With_Bra_PMC7411253.html
graph_150,webapp/static/graphs/graph_150.json,pmc_htmls/Case_report__Eczematous_adverse_drug_reaction_after_selpercatinib_treatment__PMC11703860.html
graph_151,webapp/static/graphs/graph_151.json,pmc_htmls/Abscopal_effect_of_radiation_on_multiple_lung_metastases_of_lung_adenocarcinoma__PMC6454618.html
graph_152,webapp/static/graphs/graph_152.json,pmc_htmls/Near_Missed_Case_of_Occupational_Pleural_Malignant_Mesothelioma__a_Case_Report_a_PMC9690238.html
graph_153,webapp/static/graphs/graph_153.json,pmc_htmls/Troisier_sign_and_Virchow_node__the_anatomy_and_pathology_of_pulmonary_adenocarc_PMC6394356.html
graph_154,webapp/static/graphs/graph_154.json,pmc_htmls/Myasthenia_Gravis_Related_to_Small_Cell_Lung_Carcinoma__PMC8046688.html
graph_155,webapp/static/graphs/graph_155.json,pmc_htmls/Bilateral_Visual_Impairment_following_Combination_Chemotherapy_with_Carboplatin__PMC11205380.html
graph_156,webapp/static/graphs/graph_156.json,pmc_htmls/Cancer_Stem_Like_Cells_in_a_Case_of_an_Inflammatory_Myofibroblastic_Tumor_of_the_PMC7243805.html
graph_157,webapp/static/graphs/graph_157.json,pmc_htmls/_A_Case_of_Non_small_Cell_Lung_Cancer_Treated_with_Three_ALK_Inhibitors__and_Che_PMC8174109.html
graph_158,webapp/static/graphs/graph_158.json,pmc_htmls/18F_fluorodeoxyglucose_positron_emission_tomography_computed_tomography_findings_PMC7386970.html
graph_159,webapp/static/graphs/graph_159.json,pmc_htmls/War_journalism__an_occupational_exposure__PMC8522660.html
graph_160,webapp/static/graphs/graph_160.json,pmc_htmls/Development_of_Severe_Heart_Failure_in_a_Patient_with_Squamous_Non_small_cell_Lu_PMC7492128.html
graph_161,webapp/static/graphs/graph_161.json,pmc_htmls/A_case_of_lung_adenocarcinoma_with_a_novel_CD74_ROS1_fusion_variant_identified_b_PMC8447907.html
graph_162,webapp/static/graphs/graph_162.json,pmc_htmls/Pembrolizumab_related_pancreatitis_with_elevation_of_pancreatic_tumour_markers__PMC7000995.html
graph_163,webapp/static/graphs/graph_163.json,pmc_htmls/Pregabalin_Attenuates_Carboplatin_Induced_Akathisia_Like_Neuropathy__A_Novel_Cas_PMC8543336.html
graph_164,webapp/static/graphs/graph_164.json,pmc_htmls/Ultrasound_guided_serratus_plane_block_combined_with_intercostal_block_for_a_hig_PMC7336972.html
graph_165,webapp/static/graphs/graph_165.json,pmc_htmls/Concurrent_germline_and_somatic_pathogenic_BAP1_variants_in_a_patient_with_metas_PMC7089973.html
graph_166,webapp/static/graphs/graph_166.json,pmc_htmls/Sudden_onset_polyarthritis_as_a_paraneoplastic_syndrome_from_non_small_cell_lung_PMC7425616.html
graph_167,webapp/static/graphs/graph_167.json,pmc_htmls/Successful_Treatment_of_Chylothorax_and_Chylopericardium_by_Radiotherapy_in_Lung_PMC9334222.html
graph_168,webapp/static/graphs/graph_168.json,pmc_htmls/Crizotinib__aseptic_abscesses_in_multiple_organs_during_treatment_of_EML4_ALK_po_PMC8557187.html
graph_169,webapp/static/graphs/graph_169.json,pmc_htmls/En_bloc_resection_of_the_recurrent_pleural_mesothelioma_and_reconstruction_of_th_PMC10599967.html
graph_170,webapp/static/graphs/graph_170.json,pmc_htmls/Occult_colon_cancer_with_sepsis_as_the_primary_manifestation_identified_by_bone__PMC8968824.html
graph_171,webapp/static/graphs/graph_171.json,pmc_htmls/A_role_for_club_cells_in_smoking_associated_lung_adenocarcinoma__PMC9488964.html
graph_172,webapp/static/graphs/graph_172.json,pmc_htmls/Development_of_Paraneoplastic_Neuromyelitis_Optica_after_Lung_Resection_in_a_Pat_PMC9939678.html
graph_173,webapp/static/graphs/graph_173.json,pmc_htmls/Comprehensive_Characterization_via_Molecular_Imaging__Longitudinal_Multisite_Sam_PMC11800737.html
graph_174,webapp/static/graphs/graph_174.json,pmc_htmls/Assessment_of_Feasibility_and_Prognostic_Value_of_Sentinel_Lymph_Node_Identifica_PMC10560828.html
graph_175,webapp/static/graphs/graph_175.json,pmc_htmls/Case_report__Precise_NGS_and_combined_bevacizumab_promote_durable_response_in_AL_PMC11228237.html
graph_176,webapp/static/graphs/graph_176.json,pmc_htmls/Case_report__Complete_pathological_admission_in_N3_unresectable_locally_advanced_PMC10095823.html
graph_177,webapp/static/graphs/graph_177.json,pmc_htmls/Pleural_nodule_with_osteal_protrusion_anterior_to_the_rib_tubercle__a_case_repor_PMC8203593.html
graph_178,webapp/static/graphs/graph_178.json,pmc_htmls/Obstructive_jaundice__a_rare_presentation_of_lung_cancer__A_case_report__PMC8348151.html
graph_179,webapp/static/graphs/graph_179.json,pmc_htmls/Twice_Lucky__Elderly_Patient_Surviving_Both_COVID_19_and_Serendipitous_Lung_Carc_PMC7834073.html
graph_180,webapp/static/graphs/graph_180.json,pmc_htmls/Transformation_from_adenocarcinoma_to_squamous_cell_lung_carcinoma_with_MET_ampl_PMC7919122.html
graph_181,webapp/static/graphs/graph_181.json,pmc_htmls/Deep_and_Prolonged_Response_to_Aurora_A_Kinase_Inhibitor_and_Subsequently_to_Niv_PMC7166265.html
graph_182,webapp/static/graphs/graph_182.json,pmc_htmls/Positive_response_to_trastuzumab_deruxtecan_in_a_patient_with_HER2_mutant_NSCLC__PMC10830643.html
graph_183,webapp/static/graphs/graph_183.json,pmc_htmls/Corneal_ulcer_development_due_to_sintilimab_anlotinib_combination_therapy_induce_PMC11170519.html
graph_184,webapp/static/graphs/graph_184.json,pmc_htmls/Unique_presentation_of_an_endemic_opportunistic_fungal_infection__Disseminated_c_PMC10990736.html
graph_185,webapp/static/graphs/graph_185.json,pmc_htmls/Nivolumab_induced_immune_thrombocytopenia_in_a_patient_with_malignant_pleural_me_PMC7378269.html
graph_186,webapp/static/graphs/graph_186.json,pmc_htmls/Anti_TIF1_gamma_positive_IPAF_patient_developed_stage_IVB_lung_squamous_carcinom_PMC8242283.html
graph_187,webapp/static/graphs/graph_187.json,pmc_htmls/Successful_management_of_a_lung_cancer_patient_harbouring_both__i_EGFR__i__mutat_PMC8024693.html
graph_188,webapp/static/graphs/graph_188.json,pmc_htmls/UNILATERAL__SECTORAL_RETINAL_METASTASIS_OF_SMALL_CELL_LUNG_CANCER_MIMICKING_VIRA_PMC11302580.html
graph_189,webapp/static/graphs/graph_189.json,pmc_htmls/_A_Case_Report_of_Lung_Adenocarcinoma_with_EGFR_G719A_Mutation__and_LMNA_NTRK1_F_PMC11848618.html
graph_190,webapp/static/graphs/graph_190.json,pmc_htmls/Novel__i_PPFIA1__i___i_ALK__i____i_ALK__i___i_C2orf91__i__intergenic__double_fus_PMC10497211.html
graph_191,webapp/static/graphs/graph_191.json,pmc_htmls/FDG_avid_pulmonary_mucous_gland_adenoma_mimicking_lung_cancer_on_18_F_FDG_PET_CT_PMC11938745.html
graph_192,webapp/static/graphs/graph_192.json,pmc_htmls/Nivolumab_induced_Myositis_and_Myocarditis_with_Positive_Anti_titin_Antibody_and_PMC9593150.html
graph_193,webapp/static/graphs/graph_193.json,pmc_htmls/TCM_monotherapy_achieves_significant_efficacy_in_crizotinib_refractory_advanced__PMC10662799.html
graph_194,webapp/static/graphs/graph_194.json,pmc_htmls/Case_report_of_severe_pneumothorax_due_to_lung_cancer_treated_with_anlotinib__PMC10657525.html
graph_195,webapp/static/graphs/graph_195.json,pmc_htmls/Cerebral_air_embolism_after_indwelling_pleural_catheter_insertion_in_a_chronic_h_PMC8323361.html
graph_196,webapp/static/graphs/graph_196.json,pmc_htmls/An_83_year_old_patient_with_RET_fusion_positive_non_small_cell_lung_cancer_exper_PMC10083545.html
graph_197,webapp/static/graphs/graph_197.json,pmc_htmls/NUT_midline_lung_cancer__a_rare_case_report_with_literature_review__PMC8762379.html
graph_198,webapp/static/graphs/graph_198.json,pmc_htmls/Pancreatitis_and_Biliary_Obstruction_Secondary_to_Duodenal_Metastasis_from_Rapid_PMC7506373.html
graph_199,webapp/static/graphs/graph_199.json,pmc_htmls/EML4_ALK_rearrangement_of_lung_large_cell_neuroendocrine_carcinoma__a_case_repor_PMC9929752.html
graph_200,webapp/static/graphs/graph_200.json,pmc_htmls/Anaplastic_thyroid_carcinoma_transformation_in_a_patient_with_advanced_non_small_PMC11187231.html
graph_201,webapp/static/graphs/graph_201.json,pmc_htmls/Successful_management_of_severe_bronchial_asthma_exacerbated_by_anti_PD_L1_treat_PMC8542805.html
graph_202,webapp/static/graphs/graph_202.json,pmc_htmls/Dyspnea_as_the_First_Manifestation_of_Silent_Renal_Cell_Carcinoma__PMC6708564.html
graph_203,webapp/static/graphs/graph_203.json,pmc_htmls/Lorlatinib_induced_visual_and_auditory_hallucinations__A_case_report__PMC8385773.html
graph_204,webapp/static/graphs/graph_204.json,pmc_htmls/Metastatic_Lung_Adenocarcinoma__A_Case_of_Unusual_Presentation_With_a_Skull_Mass_PMC10446785.html
graph_205,webapp/static/graphs/graph_205.json,pmc_htmls/Primary_lung_cancer_with_pulmonary_alveolar_proteinosis_treated_with_immune_chec_PMC10793160.html
graph_206,webapp/static/graphs/graph_206.json,pmc_htmls/Excision_of_benign_multicystic_peritoneal_mesothelioma_and_deep_infiltrating_end_PMC11550017.html
graph_207,webapp/static/graphs/graph_207.json,pmc_htmls/Case_Report__Detection_of_Double_ROS1_Translocations___i_SDC4_ROS1__i__and__i_RO_PMC8488083.html
graph_208,webapp/static/graphs/graph_208.json,pmc_htmls/Morphine_induced_fever__a_case_report_and_review_of_the_literature__PMC11428401.html
graph_209,webapp/static/graphs/graph_209.json,pmc_htmls/Pulmonary_Pathology_of_Early_Phase_2019_Novel_Coronavirus__COVID_19__Pneumonia_i_PMC7128866.html
graph_210,webapp/static/graphs/graph_210.json,pmc_htmls/Identification_of_a_Novel_SLC8A1_ALK_Fusion_and_Non_Canonical_Expression_Signifi_PMC8486277.html
graph_211,webapp/static/graphs/graph_211.json,pmc_htmls/Downhill_Varices_and_Apical_Lung_Cancer_Without_Superior_Vena_Cava_Syndrome__PMC10754591.html
graph_212,webapp/static/graphs/graph_212.json,pmc_htmls/Epithelial_to_mesenchymal_transition__EMT__to_sarcoma_in_recurrent_lung_adenosqu_PMC6718027.html
graph_213,webapp/static/graphs/graph_213.json,pmc_htmls/Intraperitoneal_Dedifferentiated_Liposarcoma__Unveiling_a_Rare_Diagnosis_in_Peri_PMC11548099.html
graph_214,webapp/static/graphs/graph_214.json,pmc_htmls/Hyperthermic_intrathoracic_chemotherapy_in_overcoming_tyrosine_kinase_inhibitor__PMC11826278.html
graph_215,webapp/static/graphs/graph_215.json,pmc_htmls/Relapse_of_membranous_nephropathy_with_cancer_immunotherapy__PMC7857825.html
graph_216,webapp/static/graphs/graph_216.json,pmc_htmls/A_Unique_Case_of_Atrial_Fibrillation_Secondary_to_Squamous_Cell_Lung_Carcinoma__PMC10562198.html
graph_217,webapp/static/graphs/graph_217.json,pmc_htmls/Synchronous_occurrence_of_small_cell_lung_cancer_and_primary_rectal_dedifferenti_PMC10545380.html
graph_218,webapp/static/graphs/graph_218.json,pmc_htmls/Case_report__Liquid_biopsy__the_sooner_the_better__PMC9797958.html
graph_219,webapp/static/graphs/graph_219.json,pmc_htmls/Pathologic_complete_response_to_pralsetinib_in_stage_IV_RET_positive_non_small_c_PMC11928833.html
graph_220,webapp/static/graphs/graph_220.json,pmc_htmls/Cancer_metastasis_to_the_upper_gastrointestinal_tract_a_case_series__PMC11732330.html
graph_221,webapp/static/graphs/graph_221.json,pmc_htmls/A_case_of_attempted_transbronchial_spigot_insertion_for_fistulous_pyothorax_in_t_PMC10807502.html
graph_222,webapp/static/graphs/graph_222.json,pmc_htmls/Elastofibroma_Dorsi__A_Rare_Connective_Tissue_Tumor__PMC7053685.html
graph_223,webapp/static/graphs/graph_223.json,pmc_htmls/Regression_of_Papillary_Thyroid_Cancer_during_Nivolumab_for_Renal_Cell_Cancer__PMC7265713.html
graph_224,webapp/static/graphs/graph_224.json,pmc_htmls/Aneurysmal_subarachnoid_hemorrhage__a_presentation_of_metastatic_carcinoma__A_ca_PMC8088528.html
graph_225,webapp/static/graphs/graph_225.json,pmc_htmls/EWSR1__YY1_fusion_positive_peritoneal_epithelioid_mesothelioma_harbors_mesotheli_PMC9811235.html
graph_226,webapp/static/graphs/graph_226.json,pmc_htmls/Safety_of_brigatinib_following_alectinib_induced_pneumonitis__Case_report__PMC11743586.html
graph_227,webapp/static/graphs/graph_227.json,pmc_htmls/An_advanced_NSCLC_patient_with__i_ALK_RNF144A__i__and__i_HIP1_ALK__i__fusions_tr_PMC10774998.html
graph_228,webapp/static/graphs/graph_228.json,pmc_htmls/Non_small_cell_Lung_Cancer_with_Severe_Skin_Manifestations_Related_to_Radiation__PMC7270770.html
graph_229,webapp/static/graphs/graph_229.json,pmc_htmls/Synchronized_Brain_and_Pulmonary_Lesions__A_Diagnostic_Challenge__PMC11402274.html
graph_230,webapp/static/graphs/graph_230.json,pmc_htmls/Complete_and_durable_response_of_pulmonary_large_cell_neuroendocrine_carcinoma_t_PMC9351647.html
graph_231,webapp/static/graphs/graph_231.json,pmc_htmls/Position_dependent_dyspnea_and_hypoxemia__PMC10494457.html
graph_232,webapp/static/graphs/graph_232.json,pmc_htmls/Non_small_Cell_Lung_Cancer_With_Proto_Oncogene_B_Raf_V600E_Presenting_a_Distinct_PMC9001854.html
graph_233,webapp/static/graphs/graph_233.json,pmc_htmls/Intestinal_Perforation__A_Rare_Complication_of_Treatment_With_Bevacizumab__PMC8065175.html
graph_234,webapp/static/graphs/graph_234.json,pmc_htmls/Two_Different_Tumors_and_Lung_Aspergilloma__An_Uncommon_Etiopathogenic_Associati_PMC11205853.html
graph_235,webapp/static/graphs/graph_235.json,pmc_htmls/Successful_treatment_with_metronidazole_and_paromomycin_for_fulminant_amoebic_co_PMC8605421.html
graph_236,webapp/static/graphs/graph_236.json,pmc_htmls/Remarkable_response_of_non_small_cell_lung_cancer_to_nintedanib_treatment_in_a_p_PMC8088921.html
graph_237,webapp/static/graphs/graph_237.json,pmc_htmls/Isolated_distal_ulnar_bone_metastasis_from_lung_squamous_cell_carcinoma__an_extr_PMC7985950.html
graph_238,webapp/static/graphs/graph_238.json,pmc_htmls/Unexpected_Cardiotoxicity_in_Patients_With__i_HER2__i__Mutant_NSCLC_Treated_With_PMC9719088.html
graph_239,webapp/static/graphs/graph_239.json,pmc_htmls/Pneumatosis_Intestinalis_following_Radiation_Esophagitis_during_Chemoradiotherap_PMC8613634.html
graph_240,webapp/static/graphs/graph_240.json,pmc_htmls/Pulmonary_artery_pseudoaneurysm_arising_from_primary_lung_neoplasm__A_proposed_m_PMC10821629.html
graph_241,webapp/static/graphs/graph_241.json,pmc_htmls/Targeted_Therapy_Followed_by_Salvage_Surgery_and_Adjuvant_Therapy__A_Promising_T_PMC8702428.html
graph_242,webapp/static/graphs/graph_242.json,pmc_htmls/Can_FDG_PET_after_neoadjuvant_chemotherapy_plus_nivolumab_predict_residual_disea_PMC11333152.html
graph_243,webapp/static/graphs/graph_243.json,pmc_htmls/A_Single_Institution_Retrospective_Series_of_SARS_CoV_2_Infection_in_Adult_Gliom_PMC10601729.html
graph_244,webapp/static/graphs/graph_244.json,pmc_htmls/Single_port_combined_subsegment_resection__RS3b___S1bi__with_a_rare_branching_se_PMC9201155.html
graph_245,webapp/static/graphs/graph_245.json,pmc_htmls/Pulmonary_actinomycosis_masquerading_as_lung_cancer__PMC11327480.html
graph_246,webapp/static/graphs/graph_246.json,pmc_htmls/Postoperative_bronchopleural_fistula_after_induction_therapy_with_bevacizumab__PMC10396776.html
graph_247,webapp/static/graphs/graph_247.json,pmc_htmls/Giant_bullous_emphysema_successfully_treated_with_percutaneous_drainage_followed_PMC10963133.html
graph_248,webapp/static/graphs/graph_248.json,pmc_htmls/Intracardiac_Metastasis_from_a_Large_Cell_Neuroendocrine_Lung_Carcinoma__PMC6923717.html
graph_249,webapp/static/graphs/graph_249.json,pmc_htmls/Drop_finger_caused_by_lung_cancer_metastasis__PMC10796211.html
graph_250,webapp/static/graphs/graph_250.json,pmc_htmls/Spontaneous_resolution_of_thoracic_radiation_therapy_induced_organizing_pneumoni_PMC6348731.html
graph_251,webapp/static/graphs/graph_251.json,pmc_htmls/Acquired_L718V__i_TP53__i__co_mutation_and_discordant_molecular_pattern_between__PMC10061448.html
graph_252,webapp/static/graphs/graph_252.json,pmc_htmls/A_case_of_response_to_combination_treatment_with_autologous_immunotherapy_and_be_PMC9945779.html
graph_253,webapp/static/graphs/graph_253.json,pmc_htmls/Zosteriform_skin_metastasis_caused_by_retrograde_lymphatic_migration_of_metastat_PMC7836447.html
graph_254,webapp/static/graphs/graph_254.json,pmc_htmls/Visceral_Leishmaniasis_Masquerading_as_Drug_Induced_Pancytopenia_in_Lung_Cancer__PMC11048982.html
graph_255,webapp/static/graphs/graph_255.json,pmc_htmls/Case_report__anaplastic_lymphoma_kinase___i_ALK__i___rearranged_adenocarcinoma_w_PMC10126330.html
graph_256,webapp/static/graphs/graph_256.json,pmc_htmls/Amyloid_nodule_and_primary_pulmonary_lymphoma_in_the_same_lung__Radiologic_patho_PMC7214772.html
graph_257,webapp/static/graphs/graph_257.json,pmc_htmls/Benign_Multicystic_Peritoneal_Mesothelioma__BMPM__as_a_rare_cause_of_abdominal_p_PMC6415625.html
graph_258,webapp/static/graphs/graph_258.json,pmc_htmls/Cholangiocarcinoma_presenting_as_dysphagia_and_misdiagnosed_as_gastritis__a_case_PMC8867660.html
graph_259,webapp/static/graphs/graph_259.json,pmc_htmls/Bronchial_intraepithelial_recurrence_of_a_pulmonary_large_cell_neuroendocrine_ca_PMC7033286.html
graph_260,webapp/static/graphs/graph_260.json,pmc_htmls/Complete_regression_of_pulmonary_squamous_carcinoma_in_IPF_following_gemcitabine_PMC7082954.html
graph_261,webapp/static/graphs/graph_261.json,pmc_htmls/Case_Report_and_Review_of_Literature__Familial_Malignant_Pleural_Mesothelioma_in_PMC8963911.html
graph_262,webapp/static/graphs/graph_262.json,pmc_htmls/Case_report__Therapeutic_response_of_front_line_cadonilimab_plus_chemotherapy_on_PMC11663897.html
graph_263,webapp/static/graphs/graph_263.json,pmc_htmls/Cytokine_release_syndrome_and_successful_response_to_pembrolizumab_therapy_in_a__PMC9058301.html
graph_264,webapp/static/graphs/graph_264.json,pmc_htmls/Flourine_18_Fluorodeoxyglucose_Positron_Emission_Tomography_Computed_Tomography__PMC11335380.html
graph_265,webapp/static/graphs/graph_265.json,pmc_htmls/Peripheral_neurotoxicity_induced_by_albumin_bound_paclitaxel__a_case_report__PMC11408126.html
graph_266,webapp/static/graphs/graph_266.json,pmc_htmls/Localized_pleural_metastasis_without_other_organ_metastases_after_nephrectomy_fo_PMC8025045.html
graph_267,webapp/static/graphs/graph_267.json,pmc_htmls/The_Rapid_Progression_of_Myelopathy_Due_to_Cervical_Epidural_Fluid_Collection_Fr_PMC11896643.html
graph_268,webapp/static/graphs/graph_268.json,pmc_htmls/Histopathologic_Features_of_Immune_related_Adverse_Events_in_the_Gastrointestina_PMC11250008.html
graph_269,webapp/static/graphs/graph_269.json,pmc_htmls/Successful_continuous_nivolumab_therapy_for_metastatic_non_small_cell_lung_cance_PMC7396382.html
graph_270,webapp/static/graphs/graph_270.json,pmc_htmls/Pulmonary_Lobectomy_After_COVID_19__PMC7518286.html
graph_271,webapp/static/graphs/graph_271.json,pmc_htmls/A_Patient_with_an_Ileocecal_MiNEN_and_a_Synchronous_Squamous_Non_Small_Cell_Lung_PMC8026310.html
graph_272,webapp/static/graphs/graph_272.json,pmc_htmls/Effective_treatment_in_lung_adenocarcinoma_patient_with_brain_metastases_harbori_PMC9276468.html
graph_273,webapp/static/graphs/graph_273.json,pmc_htmls/Autopsy_Case_of_Meningoencephalitis_Induced_by_Nivolumab_and_Ipilimumab_in_a_Pat_PMC11729181.html
graph_274,webapp/static/graphs/graph_274.json,pmc_htmls/Immune_Checkpoint_Inhibitor_Associated_Thrombotic_Thrombocytopenic_Purpura_in_a__PMC8321598.html
graph_275,webapp/static/graphs/graph_275.json,pmc_htmls/Effective_treatment_with_mitotane_for_a_canine_case_of_presumed_ectopic_Cushing__PMC9789766.html
graph_276,webapp/static/graphs/graph_276.json,pmc_htmls/A_Rare_Case_of_Small_Cell_Lung_Cancer_With_an_Epidermal_Growth_Factor_Receptor_M_PMC8214366.html
graph_277,webapp/static/graphs/graph_277.json,pmc_htmls/Tocilizumab_and_CytoSorb_for_delayed_severe_cytokine_release_syndrome_after_ipil_PMC11457641.html
graph_278,webapp/static/graphs/graph_278.json,pmc_htmls/Challenging_the_Norm__Occurrence_of_Synchronous_Pleural_and_Peritoneal_Mesotheli_PMC11407290.html
graph_279,webapp/static/graphs/graph_279.json,pmc_htmls/Clinicopathological_characteristics_of_primary_peritoneal_epithelioid_mesothelio_PMC9281963.html
graph_280,webapp/static/graphs/graph_280.json,pmc_htmls/Case_report___i_ATM__i__A1159T_mutation_in_malignant_peritoneal_mesothelioma_may_PMC11331467.html
graph_281,webapp/static/graphs/graph_281.json,pmc_htmls/An_unusual_cause_of_anterior_wall_ST_elevation_myocardial_infarction__a_case_rep_PMC11130528.html
graph_282,webapp/static/graphs/graph_282.json,pmc_htmls/Pulmonary_Lymphangitis_Carcinomatosa_Mimicking_Immunotherapy_Related_Interstitia_PMC9459536.html
graph_283,webapp/static/graphs/graph_283.json,pmc_htmls/Long_term_treatment_with__i_ALK__i__inhibitors_for_postoperative_recurrence_of_A_PMC9522947.html
graph_284,webapp/static/graphs/graph_284.json,pmc_htmls/Pulmonary_Sclerosing_Pneumocytomas_Mimicking_Lung_Cancer__PMC10171838.html
graph_285,webapp/static/graphs/graph_285.json,pmc_htmls/Malignant_Peritoneal_Mesothelioma_Presenting_with_High_Protein__High_Serum_Ascit_PMC9403261.html
graph_286,webapp/static/graphs/graph_286.json,pmc_htmls/Accelerated_Coronary_Artery_Disease_in_a_Patient_With_Advanced_Lung_Cancer__Inte_PMC11841481.html
graph_287,webapp/static/graphs/graph_287.json,pmc_htmls/Acquisition_of_T790M_resistance_mutation_in_a_patient_with_advanced_adenocarcino_PMC6348971.html
graph_288,webapp/static/graphs/graph_288.json,pmc_htmls/Immune_mediated_thrombocytopenia_induced_with_durvalumab_after_chemoradiotherapy_PMC8520809.html
graph_289,webapp/static/graphs/graph_289.json,pmc_htmls/_Lung_Adenocarcinomas_with_Pulmonary_Miliary_Metastases__A_Case_Report_and_Liter_PMC6935038.html
graph_290,webapp/static/graphs/graph_290.json,pmc_htmls/Squamous_cell_lung_carcinoma_with_gastrointestinal_metastasis__a_case_report_and_PMC10160372.html
graph_291,webapp/static/graphs/graph_291.json,pmc_htmls/Case_Report__Uniportal_robot_assisted_thoracoscopic_double_sleeve_lobectomy_afte_PMC10912180.html
graph_292,webapp/static/graphs/graph_292.json,pmc_htmls/Safety_of_lorlatinib_following_alectinib_induced_pneumonitis_in_two_patients_wit_PMC7867755.html
graph_293,webapp/static/graphs/graph_293.json,pmc_htmls/Osimertinib_Resistance_via_Histologic_Transformation_From_Non_small_Cell_Lung_Ca_PMC11135651.html
graph_294,webapp/static/graphs/graph_294.json,pmc_htmls/Responses_to__i_ALK__i__Inhibitor_Treatments_in_a_Patient_with_Non_Small_Cell_Lu_PMC7234975.html
graph_295,webapp/static/graphs/graph_295.json,pmc_htmls/Metachronous_and_Synchronous_Triple_Primary_Lung_Cancers_in_a_Chronic_Smoker__PMC11221437.html
graph_296,webapp/static/graphs/graph_296.json,pmc_htmls/A_lung_cancer_patient_with_deep_vein_thrombosis_a_case_report_and_literature_rev_PMC6440012.html
graph_297,webapp/static/graphs/graph_297.json,pmc_htmls/Informing_radiotherapy_decisions_in_stage_I_IIa_Hodgkin_lymphoma__modeling_life__PMC8945315.html
graph_298,webapp/static/graphs/graph_298.json,pmc_htmls/Accurate_diagnosis_of_pulmonary_inflammatory_myofibroblastic_tumor_by_imaging_te_PMC10476827.html
graph_299,webapp/static/graphs/graph_299.json,pmc_htmls/Venous_Sinus_Stenting_for_Transverse_Sinus_Stenosis_Associated_with_Leptomeninge_PMC6979474.html
graph_300,webapp/static/graphs/graph_300.json,pmc_htmls/Primary_colorectal_diffuse_large_B_cell_lymphoma_initially_presenting_with_pleur_PMC7061804.html
graph_301,webapp/static/graphs/graph_301.json,pmc_htmls/Mesenteric_cyst_presenting_with_acute_abdomen_pain_and_bowel_obstruction__Case_r_PMC7493041.html
graph_302,webapp/static/graphs/graph_302.json,pmc_htmls/Benign_Multicystic_Peritoneal_Mesothelioma_Presents_as_a_Tumor_in_an_Elderly_Man_PMC8863818.html
graph_303,webapp/static/graphs/graph_303.json,pmc_htmls/Pembrolizumab_in_a_Patient_With_Heavily_Pre_Treated_Squamous_Cell_Thymic_Carcino_PMC7461970.html
graph_304,webapp/static/graphs/graph_304.json,pmc_htmls/A_rare_case_of_gastric_metastasis_originating_from_primary_lung_adenocarcinoma___PMC10357402.html
graph_305,webapp/static/graphs/graph_305.json,pmc_htmls/A_rapid_and_durable_response_to_cabozantinib_in_an_osimertinib_resistant_lung_ca_PMC8422132.html
graph_306,webapp/static/graphs/graph_306.json,pmc_htmls/Radiation_myelitis_after_pembrolizumab_administration__with_favorable_clinical_e_PMC6868866.html
graph_307,webapp/static/graphs/graph_307.json,pmc_htmls/Primary_synchronous_colloid_adenocarcinoma_and_squamous_cell_carcinoma_in_the_sa_PMC10545161.html
graph_308,webapp/static/graphs/graph_308.json,pmc_htmls/Rare_case_of_plasmablastic_myeloma_diagnosed_on_lung_biopsy__PMC7986947.html
graph_309,webapp/static/graphs/graph_309.json,pmc_htmls/Paraneoplastic_stiff_person_syndrome_with_lung_cancer__a_case_report_and_literat_PMC9908479.html
graph_310,webapp/static/graphs/graph_310.json,pmc_htmls/Gastric_and_small_bowel_metastases_from_lung_adenocarcinoma__A_case_report__PMC11479503.html
graph_311,webapp/static/graphs/graph_311.json,pmc_htmls/Acute_pneumothorax_due_to_immunotherapy_administration_in_non_small_cell_lung_ca_PMC7596337.html
graph_312,webapp/static/graphs/graph_312.json,pmc_htmls/Large_adrenal_mass_heralding_the_diagnosis_of_occult_extra_adrenal_malignancy_in_PMC7903075.html
graph_313,webapp/static/graphs/graph_313.json,pmc_htmls/Response_to_dacomitinib_in_advanced_non_small_cell_lung_cancer_harboring_the_rar_PMC9258371.html
graph_314,webapp/static/graphs/graph_314.json,pmc_htmls/Autopsy_case_of_a_patient_with_rapidly_progressive_combined_small_cell_lung_carc_PMC9346181.html
graph_315,webapp/static/graphs/graph_315.json,pmc_htmls/A_case_of_steroid_resistant_cystitis_as_an_immune_related_adverse_event_during_t_PMC9626353.html
graph_316,webapp/static/graphs/graph_316.json,pmc_htmls/Intrapleural_fibrinolysis_in_acute_non_traumatic_retained_haemothorax__PMC8103075.html
graph_317,webapp/static/graphs/graph_317.json,pmc_htmls/Successful_response_to_first_line_treatment_with_osimertinib_for_choroidal_metas_PMC8899229.html
graph_318,webapp/static/graphs/graph_318.json,pmc_htmls/Rapid_effects_of_benralizumab_on_severe_asthma_during_surgery_for_residual_tumor_PMC6395856.html
graph_319,webapp/static/graphs/graph_319.json,pmc_htmls/Exceptional_long_term_response_to_crizotinib_in_ROS_1_postive_advanced_non_small_PMC11421889.html
graph_320,webapp/static/graphs/graph_320.json,pmc_htmls/A_case_of_large_cell_neuroendocrine_carcinoma_harboring_rare_ALK_fusion_with_ini_PMC8985782.html
graph_321,webapp/static/graphs/graph_321.json,pmc_htmls/Diagnosis_and_treatment_of_synchronous_multiple_primary_lung_cancer___a_case_rep_PMC6549397.html
graph_322,webapp/static/graphs/graph_322.json,pmc_htmls/Successful_treatment_with_nivolumab_for_SMARCA4_deficient_non_small_cell_lung_ca_PMC6501032.html
graph_323,webapp/static/graphs/graph_323.json,pmc_htmls/Case_Report__A_Programmed_Cell_Death_1_Inhibitor_Related_Abdominal_Fibroinflamma_PMC9292327.html
graph_324,webapp/static/graphs/graph_324.json,pmc_htmls/Anti_PD_1_immune_checkpoint_inhibitor_inducing_endocrine_toxicity_in_a_patient_w_PMC9522640.html
graph_325,webapp/static/graphs/graph_325.json,pmc_htmls/A_case_report_and_review_of_literature_of_Dieulafoy_s_disease_of_bronchus__A_rar_PMC6408069.html
graph_326,webapp/static/graphs/graph_326.json,pmc_htmls/Case_report__Immune_checkpoint_inhibitor_induced_paraneoplastic_neurological_syn_PMC11551042.html
graph_327,webapp/static/graphs/graph_327.json,pmc_htmls/Challenging_Diagnosis__Unmasking_the_Enigma_of_Imaging_Findings_with_Lung_Schwan_PMC10691372.html
graph_328,webapp/static/graphs/graph_328.json,pmc_htmls/Pericardial_effusion_under_nivolumab__case_reports_and_review_of_the_literature__PMC6798500.html
graph_329,webapp/static/graphs/graph_329.json,pmc_htmls/Fulminant_myocarditis_in_a_patient_with_a_lung_adenocarcinoma_after_the_third_do_PMC8968161.html
graph_330,webapp/static/graphs/graph_330.json,pmc_htmls/Artificial_Intelligence_System_Application_in_Miliary_Lung_Metastasis__Experienc_PMC8274706.html
graph_331,webapp/static/graphs/graph_331.json,pmc_htmls/Acquired_G2032R_Resistance_Mutation_in_ROS1_to_Lorlatinib_Therapy_Detected_with__PMC9497554.html
graph_332,webapp/static/graphs/graph_332.json,pmc_htmls/A_huge_primary_adenoid_cystic_carcinoma_of_the_lung__case_report_and_review_of_t_PMC10060086.html
graph_333,webapp/static/graphs/graph_333.json,pmc_htmls/A_Rare_Complication_of_Diffuse_Malignant_Peritoneal_Mesothelioma__Spontaneous_Il_PMC6708034.html
graph_334,webapp/static/graphs/graph_334.json,pmc_htmls/Clinicopathological_characteristics_of_kidney_injury_in_non_small_cell_lung_canc_PMC8811082.html
graph_335,webapp/static/graphs/graph_335.json,pmc_htmls/Pancreatic_carcinoma_metastasis_to_a_lung_carcinoma_lesion_and_pulmonary_fibroti_PMC6587633.html
graph_336,webapp/static/graphs/graph_336.json,pmc_htmls/A_solitary_rod_shaped_intertrabecular_metastasis_in_the_femur__PMC10914471.html
graph_337,webapp/static/graphs/graph_337.json,pmc_htmls/Perioperative_crizotinib_in_a_patient_with_stage_IIIB_ALK_positive_non_small_cel_PMC7333158.html
graph_338,webapp/static/graphs/graph_338.json,pmc_htmls/Pulmonary_Adenoid_Cystic_Carcinoma_Presenting_Late_With_Intrapericardial_Extensi_PMC8850314.html
graph_339,webapp/static/graphs/graph_339.json,pmc_htmls/Erlotinib_as_a_salvage_treatment_after_gefitinib_failure_for_advanced_non_small__PMC8238270.html
graph_340,webapp/static/graphs/graph_340.json,pmc_htmls/Severe_Post_COVID_19_Organizing_Pneumonia_during_Cancer_Immunochemotherapy__PMC9107986.html
graph_341,webapp/static/graphs/graph_341.json,pmc_htmls/Asynchrony_of_primary_tumor_and_mediastinal_lymph_nodes_response_after_neoadjuva_PMC8670334.html
graph_342,webapp/static/graphs/graph_342.json,pmc_htmls/A_novel_germline_BRCA2_mutation_in_a_Chinese_patient_with_prostate_cancer_sensit_PMC8381549.html
graph_343,webapp/static/graphs/graph_343.json,pmc_htmls/Pulmonary_enteric_adenocarcinoma_with_progression_disease_after_second___line_th_PMC11798808.html
graph_344,webapp/static/graphs/graph_344.json,pmc_htmls/Interleukin_5_producing_malignant_pleural_mesothelioma_with_eosinophilic_pleural_PMC7529565.html
graph_345,webapp/static/graphs/graph_345.json,pmc_htmls/Feasibility_Study_of_Adjuvant_Chemotherapy_with_Carboplatin_and_Nab_Paclitaxel_f_PMC7007497.html
graph_346,webapp/static/graphs/graph_346.json,pmc_htmls/Metastatic_lung_cancer_with_occult_primary_site__a_difficult_diagnosis__PMC9929614.html
graph_347,webapp/static/graphs/graph_347.json,pmc_htmls/Pediatric_pleuropulmonary_blastoma__analysis_of_four_cases__PMC11468276.html
graph_348,webapp/static/graphs/graph_348.json,pmc_htmls/Small_cell_neuroendocrine_carcinoma_of_buccal_mucosa__Innocuous_but_invasive__PMC9017835.html
graph_349,webapp/static/graphs/graph_349.json,pmc_htmls/Lack_of_Conventional_Acinar_Cells_in_Parotid_Salivary_Gland_of_Patient_Taking_an_PMC7142242.html
graph_350,webapp/static/graphs/graph_350.json,pmc_htmls/Case_Report__Limbic_encephalitis_following_treatment_with_durvalumab_for_small_c_PMC10613972.html
graph_351,webapp/static/graphs/graph_351.json,pmc_htmls/Pneumopericardium_in_a_patient_with_idiopathic_pulmonary_fibrosis_and_lung_cance_PMC8527138.html
graph_352,webapp/static/graphs/graph_352.json,pmc_htmls/_Pembrolizumab_associated_autoimmune_encephalitis_in_an_elderly_patient_with_adv_PMC10019544.html
graph_353,webapp/static/graphs/graph_353.json,pmc_htmls/Primary_hepatoid_adenocarcinoma_of_the_lung_with_extremely_elevated_serum_AFP__a_PMC11484443.html
graph_354,webapp/static/graphs/graph_354.json,pmc_htmls/Case_report__Treatment_with_ensartinib_shows_good_response_to_SQSTM1_ALK_fusion__PMC11563801.html
graph_355,webapp/static/graphs/graph_355.json,pmc_htmls/Nintedanib_in_an_elderly_non_small_cell_lung_cancer_patient_with_severe_steroid__PMC9872202.html
graph_356,webapp/static/graphs/graph_356.json,pmc_htmls/Diverticular_perforation_of_terminal_ileum_associated_with_chemotherapy_for_non__PMC10097554.html
graph_357,webapp/static/graphs/graph_357.json,pmc_htmls/Salvage_Therapy_With_Selpercatinib_for__i_RET__i__Rearranged_NSCLC_With_Pralseti_PMC10687334.html
graph_358,webapp/static/graphs/graph_358.json,pmc_htmls/Severe_Immune_Checkpoint_Inhibitor_Hepatitis_in__i_KRAS__i__G12C_Mutant_NSCLC_Po_PMC8474489.html
graph_359,webapp/static/graphs/graph_359.json,pmc_htmls/Lung_cancer_from_a_focal_bulla_into_thin_walled_adenocarcinoma_with_ground_glass_PMC7281047.html
graph_360,webapp/static/graphs/graph_360.json,pmc_htmls/BENIGN_MULTICYSTIC_PERITONEAL_MESOTHELIOMA_MIMICKING_GYNECOLOGIC_PATHOLOGY__PMC8564840.html
graph_361,webapp/static/graphs/graph_361.json,pmc_htmls/Generalized_herpes_zoster_and_cutaneous_metastasis_during_chemotherapy_for_non_s_PMC7779188.html
graph_362,webapp/static/graphs/graph_362.json,pmc_htmls/Atypical_Lung_Carcinoid_With_EML4_ALK_Fusion_Detected_With_Circulating_Tumor_DNA_PMC8933274.html
graph_363,webapp/static/graphs/graph_363.json,pmc_htmls/Peritoneal_Carcinomatosis__When_Everything_Is_Not_What_It_Seems__PMC10893882.html
graph_364,webapp/static/graphs/graph_364.json,pmc_htmls/Mucinous_epidermoid_carcinoma_of_the_lung_with_ALK_mutation__Case_report_and_lit_PMC11142768.html
graph_365,webapp/static/graphs/graph_365.json,pmc_htmls/Interstitial_pneumonia_disease_induced_by_osimertinib_combined_with_savolitinib__PMC10766314.html
graph_366,webapp/static/graphs/graph_366.json,pmc_htmls/Non_small_cell_Carcinoma_Localised_within_the_Pulmonary_Artery_Misdiagnosed_as_P_PMC6886629.html
graph_367,webapp/static/graphs/graph_367.json,pmc_htmls/Tumor_Induced_Oblique_Abdominal_Muscle_Paralysis_Syndrome__A_Case_of_Position_De_PMC11625876.html
graph_368,webapp/static/graphs/graph_368.json,pmc_htmls/Safe_Concurrent_Use_of_Anti_tuberculosis_Drugs_and_Pembrolizumab_in_a_Patient_wi_PMC9038460.html
graph_369,webapp/static/graphs/graph_369.json,pmc_htmls/Clinical_approach_and_utilizing_liquid_biopsies_to_interrogate_suspected_acquire_PMC11137779.html
graph_370,webapp/static/graphs/graph_370.json,pmc_htmls/A_pulmonary_artery_was_embolized_in_a_patient_with_an_occluded_pulmonary_vein_to_PMC11034142.html
graph_371,webapp/static/graphs/graph_371.json,pmc_htmls/Anlotinib_plus_tislelizumab_for_recurrent_metastatic_pancreas_ductal_adenocarcin_PMC10952340.html
graph_372,webapp/static/graphs/graph_372.json,pmc_htmls/Prolonged_SARS_CoV_2_RNA_Detection_from_Nasopharyngeal_Swabs_in_an_Oncologic_Pat_PMC7985795.html
graph_373,webapp/static/graphs/graph_373.json,pmc_htmls/Lung_Cancer_Screening_in_Patients_with_COPD_A_Case_Report__PMC6681240.html
graph_374,webapp/static/graphs/graph_374.json,pmc_htmls/Lung_Cancer_with_Brain_Metastases_Treated_with_Radiotherapy_Followed_by_Bevacizu_PMC9275467.html
graph_375,webapp/static/graphs/graph_375.json,pmc_htmls/Single_port_video_assisted_thoracoscopic_sleeve_lobectomy_after_neoadjuvant_immu_PMC10938100.html
graph_376,webapp/static/graphs/graph_376.json,pmc_htmls/Pulmonary_Adenocarcinoma_Presenting_as_Acute_Heart_Failure_and_Hypereosinophilia_PMC8860715.html
graph_377,webapp/static/graphs/graph_377.json,pmc_htmls/An_unusual_presentation_of_acute_abdomen__infarcted_peritoneal_cyst_a_probable_a_PMC8062124.html
graph_378,webapp/static/graphs/graph_378.json,pmc_htmls/Case_Report__Bronchial_artery_embolization_and_chemoradiotherapy_for_central_squ_PMC9795177.html
graph_379,webapp/static/graphs/graph_379.json,pmc_htmls/Rare_cases_of_pulmonary_inflammatory_myofibroblastic_tumors_in_adult_male_patien_PMC8797295.html
graph_380,webapp/static/graphs/graph_380.json,pmc_htmls/Exceptional_Response_in_BRAF_p_V600E_Mutant_Enteric_Type_Adenocarcinoma_of_the_L_PMC10730365.html
graph_381,webapp/static/graphs/graph_381.json,pmc_htmls/Devil_in_the_Dedifferentiated_Details__A_Rare_Case_of_Primary_Pulmonary_Dediffer_PMC11381132.html
graph_382,webapp/static/graphs/graph_382.json,pmc_htmls/Clinical_Efficacy_of_Percutaneous_Osteoplasty_Under_Fluoroscopy_and_Cone_Beam_CT_PMC11100486.html
graph_383,webapp/static/graphs/graph_383.json,pmc_htmls/Corticosteroid_Refractory_Myositis_After_Dual_BRAF_and_MEK_Inhibition_in_a_Patie_PMC9138421.html
graph_384,webapp/static/graphs/graph_384.json,pmc_htmls/Hematoma_Filled_Pneumatocele_after_CT_Guided_Percutaneous_Transthoracic_Needle_L_PMC9935949.html
graph_385,webapp/static/graphs/graph_385.json,pmc_htmls/Elevated_Eosinophil_Count_Following_Pembrolizumab_Treatment_for_Non_Small_Cell_L_PMC8349225.html
graph_386,webapp/static/graphs/graph_386.json,pmc_htmls/Anti_PD1__PDL1_induced_chronic_intestinal_pseudo_obstruction__three_cases_treate_PMC11699004.html
graph_387,webapp/static/graphs/graph_387.json,pmc_htmls/Multiple_scalp_metastases_from_pulmonary_adenocarcinoma_seen_on_fluorodeoxygluco_PMC7067137.html
graph_388,webapp/static/graphs/graph_388.json,pmc_htmls/Rapid_Disease_Progression_in_a_Patient_with_Advanced_NSCLC_Harboring_a_Germline__PMC8039198.html
graph_389,webapp/static/graphs/graph_389.json,pmc_htmls/Endobronchial_lipoma_with_obstructive_pneumonia__A_case_report__PMC11465229.html
graph_390,webapp/static/graphs/graph_390.json,pmc_htmls/Molecular_findings_reveal_possible_resistance_mechanisms_in_a_patient_with_ALK_r_PMC6830466.html
graph_391,webapp/static/graphs/graph_391.json,pmc_htmls/Convex_endobronchial_ultrasound__same_coin__two_faces__Challenging_biopsy_and_st_PMC6978727.html
graph_392,webapp/static/graphs/graph_392.json,pmc_htmls/Pulmonary_Carcinosarcoma__A_Rare_Disease_With_Challenging_Diagnosis_and_Treatmen_PMC9376117.html
graph_393,webapp/static/graphs/graph_393.json,pmc_htmls/Different_efficacy_in_the_non_small_cell_lung_cancer_patient_with_bilateral_sync_PMC7212137.html
graph_394,webapp/static/graphs/graph_394.json,pmc_htmls/Metastatic_renal_interstitial_cell_tumor_in_a_dog__PMC7649554.html
graph_395,webapp/static/graphs/graph_395.json,pmc_htmls/Myasthenia_Gravis_Associated_With_Pembrolizumab_for_Relapsed_Lung_Cancer_After_T_PMC10757735.html
graph_396,webapp/static/graphs/graph_396.json,pmc_htmls/A_Multimodal_Approach_to_Evaluate_for_Cardiac_Metastasis_in_a_Case_of_Non_Small__PMC7154231.html
graph_397,webapp/static/graphs/graph_397.json,pmc_htmls/Erlotinib_combined_with_bevacizumab_and_chemotherapy_in_first_line_osimertinib_r_PMC8568434.html
graph_398,webapp/static/graphs/graph_398.json,pmc_htmls/Lung_adenocarcinoma_concomitant_with_xeroderma_pigmentosum__a_case_report__PMC8008549.html
graph_399,webapp/static/graphs/graph_399.json,pmc_htmls/Twenty_Month_Regression_Following_Concurrent_Conventional_Whole_Brain_Irradiatio_PMC10506730.html
graph_400,webapp/static/graphs/graph_400.json,pmc_htmls/Case_report__a_case_of_lung_squamous_cell_carcinoma_with_a_novel_FGFR3_IER5L_fus_PMC11484447.html
graph_401,webapp/static/graphs/graph_401.json,pmc_htmls/A_rare_malignant_mesothelioma_of_the_tunica_vaginalis_testis__A_case_report__PMC10918515.html
graph_402,webapp/static/graphs/graph_402.json,pmc_htmls/Immunochemotherapy_Disrupts_Peripherally_Located_Lung_Squamous_Cell_Carcinoma_Re_PMC9372773.html
graph_403,webapp/static/graphs/graph_403.json,pmc_htmls/The_necessity_of_a_more_aggressive_initial_surgical_treatment_in_patients_with_m_PMC6806379.html
graph_404,webapp/static/graphs/graph_404.json,pmc_htmls/Lung_cancer_metastasis_induced_distal_esophageal_segmental_spasm_confirmed_by_in_PMC11577398.html
graph_405,webapp/static/graphs/graph_405.json,pmc_htmls/Case_Report__Combined_Small_Cell_Lung_Carcinoma_With_Pulmonary_Adenocarcinoma__PMC8854358.html
graph_406,webapp/static/graphs/graph_406.json,pmc_htmls/Lung_Adenocarcinoma_Presenting_With_Elevated_Serum_Carbohydrate_Antigen_19_9_Lev_PMC11841819.html
graph_407,webapp/static/graphs/graph_407.json,pmc_htmls/Bilateral_facial_nerve_palsies_due_to_leptomeningeal_progression_of_lung_adenoca_PMC8160174.html
graph_408,webapp/static/graphs/graph_408.json,pmc_htmls/Right_S3_segmentectomy_for_lung_cancer_with_partial_anomalous_pulmonary_venous_r_PMC10995714.html
graph_409,webapp/static/graphs/graph_409.json,pmc_htmls/Small_cells_lung_epidermoid_carcinoma_in_a_HTLV1_infected_patient__case_report_a_PMC8075617.html
graph_410,webapp/static/graphs/graph_410.json,pmc_htmls/Long_Term_Efficacy_of_Immune_Checkpoint_Inhibitor_for_Squamous_Cell_Carcinoma_Le_PMC10867436.html
graph_411,webapp/static/graphs/graph_411.json,pmc_htmls/Non_small_cell_lung_cancer_with_bone_metastasis_and_pneumocystis_pneumonia_in_a__PMC10644424.html
graph_412,webapp/static/graphs/graph_412.json,pmc_htmls/Afatinib_helped_overcome_subsequent_resistance_to_osimertinib_in_a_patient_with__PMC6637526.html
graph_413,webapp/static/graphs/graph_413.json,pmc_htmls/Pulmonary_tuberculosis_masquerading_as_a_mass_cancer_lesion__A_rare_case_report__PMC11220453.html
graph_414,webapp/static/graphs/graph_414.json,pmc_htmls/Sixty_four_year_old_man_with_non_productive_cough_and_lung_mass__PMC6506106.html
graph_415,webapp/static/graphs/graph_415.json,pmc_htmls/The_Association_between_Malignant_Pleural_Mesothelioma_and_Thoracic_Radiation_Th_PMC7990650.html
graph_416,webapp/static/graphs/graph_416.json,pmc_htmls/Diffuse_Pleural_Mesothelioma__A_Challenge_in_Early_Diagnosis__PMC11612037.html
graph_417,webapp/static/graphs/graph_417.json,pmc_htmls/Acute_Onset_of_a_Life_Threatening_Skin_Toxicity_Due_to_Osimertinib__Severe_Psori_PMC9138393.html
graph_418,webapp/static/graphs/graph_418.json,pmc_htmls/Nivolumab_induced_tumour_like_gastritis__A_case_report__PMC10336988.html
graph_419,webapp/static/graphs/graph_419.json,pmc_htmls/Advanced_Lung_Adenocarcinoma_with_EGFR_19_del_Mutation_Transformed_into_SCC_afte_PMC11235554.html
graph_420,webapp/static/graphs/graph_420.json,pmc_htmls/Distribution_and_trends_of_cancer_in_Buffalo_City__Eastern_Cape_Province__1991_2_PMC9653547.html
graph_421,webapp/static/graphs/graph_421.json,pmc_htmls/A_Rare_Case_of_Pleural_Epithelioid_Mesothelioma_With_a_Prominent_Myxoid_Stroma_R_PMC11244714.html
graph_422,webapp/static/graphs/graph_422.json,pmc_htmls/Case_Report__Response_to_Almonertinib_in_a_Patient_With_Metastatic_NSCLC_Resista_PMC8721274.html
graph_423,webapp/static/graphs/graph_423.json,pmc_htmls/Immunogenomic_intertumor_heterogeneity_across_primary_and_metastatic_sites_in_a__PMC9092788.html
graph_424,webapp/static/graphs/graph_424.json,pmc_htmls/Alectinib_treatment_for_2_non_small_cell_lung_carcinoma_patients_carrying_differ_PMC11495982.html
graph_425,webapp/static/graphs/graph_425.json,pmc_htmls/Pembrolizumab_induced_necrotizing_myositis_in_a_patient_with_metastatic_non_smal_PMC6802710.html
graph_426,webapp/static/graphs/graph_426.json,pmc_htmls/Extensive_Stage_Small_Cell_Carcinoma_Transformation_From_EGFR_Del19_Mutant_Lung__PMC8012892.html
graph_427,webapp/static/graphs/graph_427.json,pmc_htmls/Salvage_therapy_of_osimertinib_plus_anlotinib_in_advanced_lung_adenocarcinoma_wi_PMC9189884.html
graph_428,webapp/static/graphs/graph_428.json,pmc_htmls/_sup_18__sup_F_FDG_accumulation_at_the_early_onset_of_acute_exacerbation_of_idio_PMC11246593.html
graph_429,webapp/static/graphs/graph_429.json,pmc_htmls/Ectopic_Cushing_s_Syndrome_Unveiling_a_Metastatic_Parotid_Carcinoma__PMC6815534.html
graph_430,webapp/static/graphs/graph_430.json,pmc_htmls/DNA_variants_detected_in_primary_and_metastatic_lung_adenocarcinoma__a_case_repo_PMC11371898.html
graph_431,webapp/static/graphs/graph_431.json,pmc_htmls/Central_lung_adenocarcinoma_in_a_young_male_mimicking_pneumonia_with_nonrecurren_PMC11296416.html
graph_432,webapp/static/graphs/graph_432.json,pmc_htmls/Multiple_Primary_Lung_Cancers_With_ALK_Rearrangement__A_Case_Report_and_Literatu_PMC9168597.html
graph_433,webapp/static/graphs/graph_433.json,pmc_htmls/Intractable_pleural_effusion_associated_with_superior_vena_cava_and_upper_extrem_PMC7270597.html
graph_434,webapp/static/graphs/graph_434.json,pmc_htmls/Case_report__Therapeutic_response_to_lorlatinib_in_advanced_large_cell_neuroendo_PMC11669055.html
graph_435,webapp/static/graphs/graph_435.json,pmc_htmls/A_case_report_of_pneumonic_type_adenocarcinoma_diagnosed_by_transbronchial_cryob_PMC7870163.html
graph_436,webapp/static/graphs/graph_436.json,pmc_htmls/Aortic_dissection_in_a_patient_treated_with_anlotinib_for_metastatic_lung_squamo_PMC6996977.html
graph_437,webapp/static/graphs/graph_437.json,pmc_htmls/Sarcoidosis_detected_after_COVID_19_with_T_SPOT_TB_positive__A_case_report__PMC10792432.html
graph_438,webapp/static/graphs/graph_438.json,pmc_htmls/A_Case_of_Hodgkin_s_Lymphoma_Diagnosed_by_Endobronchial_Ultrasound_Guided_Transb_PMC10460916.html
graph_439,webapp/static/graphs/graph_439.json,pmc_htmls/Hepatoid_adenocarcinoma_of_the_lung_mimicking_metastatic_hepatocellular_carcinom_PMC7703083.html
graph_440,webapp/static/graphs/graph_440.json,pmc_htmls/Adaptive__Iterative__Long_Term_Personalized_Therapy_Management_in_a_Case_of_Stag_PMC6789881.html
graph_441,webapp/static/graphs/graph_441.json,pmc_htmls/Sarcomatoid_malignant_peritoneal_mesothelioma_presenting_as_a_localized_mesenter_PMC7593109.html
graph_442,webapp/static/graphs/graph_442.json,pmc_htmls/Symptomatic_duodenal_metastasis_from_a_small_cell_lung_cancer_primary__a_rare_ca_PMC10935527.html
graph_443,webapp/static/graphs/graph_443.json,pmc_htmls/Various_clinical_presentations_of_uveitis_associated_with_durvalumab_treatment__PMC9122297.html
graph_444,webapp/static/graphs/graph_444.json,pmc_htmls/Tracheobronchitis_and_laryngitis_associated_with_Crohn_s_disease__PMC10562908.html
graph_445,webapp/static/graphs/graph_445.json,pmc_htmls/Triple_drug_antibiotic_therapy_for_disseminated_nocardial_abscess_in_the_mediast_PMC11715246.html
graph_446,webapp/static/graphs/graph_446.json,pmc_htmls/Partial_intestinal_obstruction_caused_by_duodenal_obstruction_by_the_superior_me_PMC11731569.html
graph_447,webapp/static/graphs/graph_447.json,pmc_htmls/Central_airway_squamous_metaplasia_following_radiation_therapy_mimicking_local_t_PMC10665950.html
graph_448,webapp/static/graphs/graph_448.json,pmc_htmls/Peritoneal_Inclusion_Cyst_in_a_Young_Patient_With_a_Long_History_of_Abdominal_Su_PMC10032648.html
graph_449,webapp/static/graphs/graph_449.json,pmc_htmls/Medication_related_osteonecrosis_of_the_upper_jaw_involving_the_zygomatic_bone___PMC9969271.html
graph_450,webapp/static/graphs/graph_450.json,pmc_htmls/Case_Report__Exposure_to_Respirable_Crystalline_Silica_and_Respiratory_Health_Am_PMC9234445.html
graph_451,webapp/static/graphs/graph_451.json,pmc_htmls/_Molecular_Mechanism_and_Progression_of_Primary_Resistance_to_EGFR_TKI___Analysi_PMC6348160.html
graph_452,webapp/static/graphs/graph_452.json,pmc_htmls/Lung_squamous_cell_carcinoma_with_metastases_in_the_left_atrium_and_left_ventric_PMC11626420.html
graph_453,webapp/static/graphs/graph_453.json,pmc_htmls/Personalized_medicine__paradigm_shift_in_ALK_positive_non_small_cell_lung_cancer_PMC10474633.html
graph_454,webapp/static/graphs/graph_454.json,pmc_htmls/Durable_response_of_multiple_myeloma_and_non_small_cell_lung_cancer_with_simulta_PMC7155080.html
graph_455,webapp/static/graphs/graph_455.json,pmc_htmls/Incidental_paratracheal_lymph_node_lung_adenocarcinoma_in_a_patient_with_goiter__PMC9343975.html
graph_456,webapp/static/graphs/graph_456.json,pmc_htmls/Successful_sequential_tyrosine_kinase_inhibitors_to_overcome_a_rare_compound_of__PMC9358716.html
graph_457,webapp/static/graphs/graph_457.json,pmc_htmls/Primary_lung_squamous_cell_carcinoma_and_its_association_with_gastric_metastasis_PMC7262906.html
graph_458,webapp/static/graphs/graph_458.json,pmc_htmls/A_false_alarm_of_COVID_19_pneumonia_in_lung_cancer_with_anti_PD_1_related_pneumo_PMC7848664.html
graph_459,webapp/static/graphs/graph_459.json,pmc_htmls/A_rare_multiple_primary_sarcomatoid_carcinoma__SCA__of_small_intestine_harboring_PMC8798874.html
graph_460,webapp/static/graphs/graph_460.json,pmc_htmls/Follicular_B_Cell_Lymphoma_and_Particulate_Matter_Associated_with_Environmental__PMC7823148.html
graph_461,webapp/static/graphs/graph_461.json,pmc_htmls/Biphasic_pleural_mesothelioma_in_a_goat__PMC10426257.html
graph_462,webapp/static/graphs/graph_462.json,pmc_htmls/Potential_application_of_cryobiopsy_for_histo_molecular_characterization_of_medi_PMC8741535.html
graph_463,webapp/static/graphs/graph_463.json,pmc_htmls/Rare_recurrence_of_malignant_mesothelioma_spreading_to_the_perineum__PMC9930540.html
graph_464,webapp/static/graphs/graph_464.json,pmc_htmls/Mycophenolate_mofetil_for_immune_checkpoint_inhibitor_related_hepatotoxicity_rel_PMC9458512.html
graph_465,webapp/static/graphs/graph_465.json,pmc_htmls/Miliary_brain_metastases_from_lung_adenocarcinoma_with_EGFR__L858R__and_CTNNB1_m_PMC10693938.html
graph_466,webapp/static/graphs/graph_466.json,pmc_htmls/Excellent_platinum_dependent_response_to_chemotherapy_after_relapse_under_TKI_tr_PMC6851420.html
graph_467,webapp/static/graphs/graph_467.json,pmc_htmls/Focal_Leptomeningeal_Disease_with_Perivascular_Invasion_in__i_EGFR__i__Mutant_No_PMC7658871.html
graph_468,webapp/static/graphs/graph_468.json,pmc_htmls/Pneumatosis_intestinalis_induced_by_osimertinib_in_a_patient_with_lung_adenocarc_PMC6394003.html
graph_469,webapp/static/graphs/graph_469.json,pmc_htmls/Strongyloides_An_uncommon_cause_of_eosinophilia_whilst_on_durvalumab__PMC9575490.html
graph_470,webapp/static/graphs/graph_470.json,pmc_htmls/Tocilizumab_for_COVID_19_Pneumonia_in_a_Patient_With_Non_Small_cell_Lung_Cancer__PMC7448773.html
graph_471,webapp/static/graphs/graph_471.json,pmc_htmls/Hybrid_endovascular_exclusion_of_a_bleeding_innominate_artery_pseudoaneurysm_in__PMC6529683.html
graph_472,webapp/static/graphs/graph_472.json,pmc_htmls/Rare_Lung_Malignancy_Mimic__A_Case_of_Daptomycin_Induced_Acute_Eosinophilic_Pneu_PMC11014716.html
graph_473,webapp/static/graphs/graph_473.json,pmc_htmls/Recurrent_Stroke_Due_to_Pulmonary_Vein_Thrombosis_in_a_Patient_with_Metastatic_L_PMC7414828.html
graph_474,webapp/static/graphs/graph_474.json,pmc_htmls/Cost_of_Venous_Thromboembolic_Disease_in_Patients_with_Lung_Cancer__Costecat_Stu_PMC7825488.html
graph_475,webapp/static/graphs/graph_475.json,pmc_htmls/Homozygous_deletion_of_the__i_HLA_B__i__gene_as_an_acquired_resistance_mechanism_PMC8573430.html
graph_476,webapp/static/graphs/graph_476.json,pmc_htmls/_i_Aggregatibacter_actinomycetemcomitans__i__pneumonia_mimicking_lung_cancer_in__PMC7392872.html
graph_477,webapp/static/graphs/graph_477.json,pmc_htmls/Acute_cardiac_tamponade_after_Endostar_treatment_of_non_small_cell_lung_cancer___PMC11081542.html
graph_478,webapp/static/graphs/graph_478.json,pmc_htmls/Late_Onset_Immunotherapy_Toxicity_and_Delayed_Autoantibody_Changes__Checkpoint_I_PMC7216445.html
graph_479,webapp/static/graphs/graph_479.json,pmc_htmls/Non_small_cell_lung_carcinoma_with_focal_coexpression_of_thyroid_transcription_f_PMC11045332.html
graph_480,webapp/static/graphs/graph_480.json,pmc_htmls/Acute_Tubulointerstitial_Nephritis_and_Secondary_Renal_Amyloidosis__A_Rare_Compl_PMC10753143.html
graph_481,webapp/static/graphs/graph_481.json,pmc_htmls/Anterior_transclavicular_approach_for_lung_cancer_invading_the_superior_sulcus__PMC8691735.html
graph_482,webapp/static/graphs/graph_482.json,pmc_htmls/Pleural_epithelioid_hemangioendothelioma_in_a_39_Year_old_female__a_case_report__PMC10935829.html
graph_483,webapp/static/graphs/graph_483.json,pmc_htmls/Squamous_Cell_Carcinoma_in_the_Post_Tuberculosis_Lung_after_30_Years_of_Treatmen_PMC7011466.html
graph_484,webapp/static/graphs/graph_484.json,pmc_htmls/Lung_adenocarcinoma_concurrent_with_pulmonary_cryptococcosis__a_case_report_and__PMC11351499.html
graph_485,webapp/static/graphs/graph_485.json,pmc_htmls/Case_of_a_lung_collision_tumor_consisting_of_squamous_cell_carcinoma_of_the_lung_PMC9284929.html
graph_486,webapp/static/graphs/graph_486.json,pmc_htmls/A_Rapidly_Enlarging_Skin_Lump__PMC10753142.html
graph_487,webapp/static/graphs/graph_487.json,pmc_htmls/Chemotherapy_combined_with_bevacizumab_for_small_cell_lung_cancer_with_brain_met_PMC10835696.html
graph_488,webapp/static/graphs/graph_488.json,pmc_htmls/A_rare_case_of_vision_loss_caused_by_leptomeningeal_metastasis_of_lung_adenocarc_PMC11847661.html
graph_489,webapp/static/graphs/graph_489.json,pmc_htmls/Durable_Response_of_Pembrolizumab_for_EGFR_Mutation_positive_Lung_Adenocarcinoma_PMC11904448.html
graph_490,webapp/static/graphs/graph_490.json,pmc_htmls/Posterior_reversible_encephalopathy_syndrome_secondary_to_malignancy_associated__PMC10824200.html
graph_491,webapp/static/graphs/graph_491.json,pmc_htmls/A_Primary_Pulmonary_Meningioma_That_Grew_Over_10_Years__A_Surgical_Case_Report__PMC10980965.html
graph_492,webapp/static/graphs/graph_492.json,pmc_htmls/Thoracoscopic_pericardiectomy_associated_with_fully_implantable_catheter_via_tho_PMC6612488.html
graph_493,webapp/static/graphs/graph_493.json,pmc_htmls/Mesothelioma_and_Colorectal_Cancer__Report_of_Four_Cases_with_Synchronous_and_Me_PMC8910028.html
graph_494,webapp/static/graphs/graph_494.json,pmc_htmls/Dual_TMPRSS2_ERG_Fusion_in_a_Patient_with_Lung_and_Prostate_Cancers__PMC7765862.html
graph_495,webapp/static/graphs/graph_495.json,pmc_htmls/Intrathoracic_gastric_volvulus_complicating_a_robotic_left_upper_lobectomy__A_ca_PMC7749293.html
graph_496,webapp/static/graphs/graph_496.json,pmc_htmls/Novel__i_BRD2__NUTM1__i__Fusion_in_NUT_Carcinoma_With_Exceptional_Response_to_Ch_PMC10823067.html
graph_497,webapp/static/graphs/graph_497.json,pmc_htmls/Serum_immunogloblins_might_be_useful_predictors_of_immune_related_adverse_events_PMC9436670.html
graph_498,webapp/static/graphs/graph_498.json,pmc_htmls/Bloom_Syndrome_Complicated_by_Low_Grade_Lymphoma_and_Non_small_Cell_Lung_Cancer__PMC11164565.html
graph_499,webapp/static/graphs/graph_499.json,pmc_htmls/A_lepidic_adenocarcinoma_mimicking_an_eosinophilic_lung__PMC9391599.html
graph_500,webapp/static/graphs/graph_500.json,pmc_htmls/Effectiveness_of_Intravenous_Cyclophosphamide_in_a_Patient_With_Anti_amphiphysin_PMC11344486.html
graph_501,webapp/static/graphs/graph_501.json,pmc_htmls/Solitary_pulmonary_capillary_hemangioma_presenting_with_a_ground_glass_opacity___PMC7490444.html
graph_502,webapp/static/graphs/graph_502.json,pmc_htmls/Multiple_intraventricular_metastases_from_lung_adenocarcinoma_with_EGFR_G719X_mu_PMC7216397.html
graph_503,webapp/static/graphs/graph_503.json,pmc_htmls/Coronavirus_Disease_2019_Presenting_as_Abdominal_Distension_in_a_Mesothelioma_Pa_PMC7510183.html
graph_504,webapp/static/graphs/graph_504.json,pmc_htmls/Case_Report__Outcome_of_Osimertinib_Treatment_in_Lung_Adenocarcinoma_Patients_Wi_PMC8100222.html
graph_505,webapp/static/graphs/graph_505.json,pmc_htmls/Invasive_Pulmonary_Cryptococcal_Infection_Masquerading_as_Lung_Cancer_with_Brain_PMC9067635.html
graph_506,webapp/static/graphs/graph_506.json,pmc_htmls/Neoadjuvant_Lorlatinib_Induces_Pathological_Complete_Response_in_Advanced_ALK_Po_PMC10642716.html
graph_507,webapp/static/graphs/graph_507.json,pmc_htmls/Bronchial_mucosal_ablation_for_bronchial_stump_closure_in_right_pneumonectomy__a_PMC7890849.html
graph_508,webapp/static/graphs/graph_508.json,pmc_htmls/The_novel_EGFR_mutations__p_E746_S752delinsI__p_T751_I759delinsG__p_L747_S752del_PMC10546178.html
graph_509,webapp/static/graphs/graph_509.json,pmc_htmls/Small_Cell_Lung_Cancer_Patient_with_Anti_transcriptional_Intermediary_Factor_1__PMC6395139.html
graph_510,webapp/static/graphs/graph_510.json,pmc_htmls/Pathological_complete_response_to_neoadjuvant_lorlatinib_in_a_patient_with_stage_PMC11304158.html
graph_511,webapp/static/graphs/graph_511.json,pmc_htmls/Clinical_Impact_of_Switching_to_Ceritinib_After_Severe_AEs_Related_to_Crizotinib_PMC8711735.html
graph_512,webapp/static/graphs/graph_512.json,pmc_htmls/Massive_lymphatic_leakage_after_lung_cancer_surgery_via_median_sternotomy__PMC6667986.html
graph_513,webapp/static/graphs/graph_513.json,pmc_htmls/The_role_of_salvage_surgery_in_the_treatment_of_a_gefitinib_resistant_non_small__PMC8339770.html
graph_514,webapp/static/graphs/graph_514.json,pmc_htmls/Perioperative_alectinib_in_a_patient_with_locally_advanced_anaplastic_lymphoma_k_PMC8799071.html
graph_515,webapp/static/graphs/graph_515.json,pmc_htmls/Prolonged_Response_to_Afatinib_and_Crizotinib_in_a_Rare_Case_of__i_EGFR__i_____i_PMC11171607.html
graph_516,webapp/static/graphs/graph_516.json,pmc_htmls/Radiation_Recall_Pneumonitis_Induced_by_Sintilimab__A_Case_Report_and_Literature_PMC8904715.html
graph_517,webapp/static/graphs/graph_517.json,pmc_htmls/A_Case_of_Antiphospholipid_Syndrome_Following_Gastric_Signet_Ring_Cell_Adenocarc_PMC6979475.html
graph_518,webapp/static/graphs/graph_518.json,pmc_htmls/Severe_mesenteric_ischemia_with_multiple_organ_failure_in_a_patient_previously_t_PMC7656862.html
graph_519,webapp/static/graphs/graph_519.json,pmc_htmls/Cholestatic_Liver_Injury_Induced_by_Pembrolizumab_in_a_Patient_with_Lung_Adenoca_PMC6911765.html
graph_520,webapp/static/graphs/graph_520.json,pmc_htmls/Alectinib_re_challenge_in_small_cell_lung_cancer_transformation_after_chemothera_PMC8349051.html
graph_521,webapp/static/graphs/graph_521.json,pmc_htmls/Case_Report__Etoposide_nedaplatin_induced_rhabdomyolysis_in_a_small_cell_lung_ca_PMC10477354.html
graph_522,webapp/static/graphs/graph_522.json,pmc_htmls/Nothing_Great_Comes_Without_Its_Risks__A_Rare_Case_of_Pembrolizumab_Induced_Hypo_PMC10729852.html
graph_523,webapp/static/graphs/graph_523.json,pmc_htmls/First_line_immune_checkpoint_therapy_in_metastatic_squamous_cell_lung_cancer_har_PMC7262880.html
graph_524,webapp/static/graphs/graph_524.json,pmc_htmls/Is_Intravenous_and_Oral_Topotecan_in_Small_Cell_Lung_Cancer_Truly_Equal__A_Case__PMC11521484.html
graph_525,webapp/static/graphs/graph_525.json,pmc_htmls/Spontaneous_Tumor_Lysis_Syndrome_Secondary_to_Metastatic_Small_Cell_Lung_Cancer__PMC9985463.html
graph_526,webapp/static/graphs/graph_526.json,pmc_htmls/Steroid_Refractory_Immune_Related_Hepatitis_Caused_by_Pembrolizumab_with_Stage_I_PMC11666266.html
graph_527,webapp/static/graphs/graph_527.json,pmc_htmls/Mandibular_tumour_as_the_primary_manifestation_of_an_occult_adenocarcinoma__PMC7797288.html
graph_528,webapp/static/graphs/graph_528.json,pmc_htmls/Multiple_metachronous_rare_primary_malignant_tumors__A_case_report__PMC6775015.html
graph_529,webapp/static/graphs/graph_529.json,pmc_htmls/Biphasic_Peritoneal_Mesothelioma__A_Lethal_Clinical_Entity__PMC8960911.html
graph_530,webapp/static/graphs/graph_530.json,pmc_htmls/Case_Report__Osimertinib_Followed_by_Osimertinib_Plus_Bevacizumab__Personalized__PMC8573166.html
graph_531,webapp/static/graphs/graph_531.json,pmc_htmls/Small_cell_carcinoma_of_the_lung_in_a_patient_with_previously_treated_synchronou_PMC8194443.html
graph_532,webapp/static/graphs/graph_532.json,pmc_htmls/Inevitable_high_dose_irradiation_to_lead_of_implantable_cardioverter_defibrillat_PMC6585016.html
graph_533,webapp/static/graphs/graph_533.json,pmc_htmls/Mucinous_Adenocarcinoma_of_the_Lung__A_Great_Mimicker_of_Pneumonia__PMC10284440.html
graph_534,webapp/static/graphs/graph_534.json,pmc_htmls/A_case_of_a_rare_non_invasive_lung_adenocarcinoma__PMC7575649.html
graph_535,webapp/static/graphs/graph_535.json,pmc_htmls/Well_differentiated_papillary_mesothelioma_found_incidentally_with_concurrent_st_PMC8564724.html
graph_536,webapp/static/graphs/graph_536.json,pmc_htmls/Multiple_intracranial_metastasis_from_lung_adenocarcinoma_in_a_pregnant_young_wo_PMC9793174.html
graph_537,webapp/static/graphs/graph_537.json,pmc_htmls/Ceritinib_for_an_anaplastic_lymphoma_kinase_rearrangement_positive_patient_previ_PMC6301300.html
graph_538,webapp/static/graphs/graph_538.json,pmc_htmls/Pulmonary_carcinoid_presenting_in_pregnancy_with_an_unusual_radiological_feature_PMC8054049.html
graph_539,webapp/static/graphs/graph_539.json,pmc_htmls/Liver_and_Pancreatic_Injury_in_Response_to_ALK_Inhibitors_in_a_Patient_with_Prim_PMC7983653.html
graph_540,webapp/static/graphs/graph_540.json,pmc_htmls/The_time_window_for_the_reversal_of_depigmentation_from_aggravation_to_recovery__PMC9424493.html
graph_541,webapp/static/graphs/graph_541.json,pmc_htmls/Case_Report__Early_detection_of_lung_carcinoid_in_an_asymptomatic_individual_by__PMC10280377.html
graph_542,webapp/static/graphs/graph_542.json,pmc_htmls/Case_series__Immune_checkpoint_inhibitor_induced_transverse_myelitis__PMC9989185.html
graph_543,webapp/static/graphs/graph_543.json,pmc_htmls/Immune_Thrombocytopenia_Induced_by_Immune_Checkpoint_Inhibitrs_in_Lung_Cancer__C_PMC8695900.html
graph_544,webapp/static/graphs/graph_544.json,pmc_htmls/Indocyanine_green_nebulization_visualizes_the_pulmonary_bronchus_during_video_as_PMC11786342.html
graph_545,webapp/static/graphs/graph_545.json,pmc_htmls/Small_cell_lung_cancer_associated_small_bowel_obstruction__a_diagnostic_conundru_PMC11325531.html
graph_546,webapp/static/graphs/graph_546.json,pmc_htmls/Thoracoscopic_right_apical_segmentectomy_for_lung_cancer_with_tracheal_bronchus__PMC7444141.html
graph_547,webapp/static/graphs/graph_547.json,pmc_htmls/Case_Report__Replacement_of_PD_1_inhibitors_with_PD_L1_inhibitors_in_the_treatme_PMC10465174.html
graph_548,webapp/static/graphs/graph_548.json,pmc_htmls/A_Case_of_Primary_Lung_Adenocarcinoma_With_Recurrent_Brain_Metastasis_due_to_Tra_PMC11735726.html
graph_549,webapp/static/graphs/graph_549.json,pmc_htmls/Primary_pulmonary_lymphoepithelioma_like_carcinoma_misdiagnosed_as_lung_squamous_PMC10698419.html
